S0055	괜찮으시지요?<return_p>파는 거지?<return_p>그렇습니까, 아쉽군요.<0xdb>그런가, 아쉽군.<0xdb>어머, 아쉬워¨¨.<0xdb00>그건 아쉽군¨¨.<0xdb00>아쉽군¨¨.<0xdb>감사합니다.<0xdb>고맙네.<0xdb>정말 고마워♥<0xdb00>고맙소.<0xdb00>고마워용.<0xdb00>더 팔아 주실<br />물건이 있으십니까?<return_p>더 팔아 줄<br />물건은 있나?
S0563	업무 월보를 적겠습니다.<br />괜찮으시겠습니까?<0xdb>이 일에는 위험이 따르기 마련.<br />부지런히 기록해 두는 편이<br />좋다고 생각하는데요.<0xdb00>유
S0598	어, 또 재워 달라고?<br />으으, 너희도 고생이 많구나.<0xdb>내선으로 린린 씨한테<br />얘기는 들었어.<0xdb00>어머, 어서 오세요.<0xdb00>이거 이거,<br />어서 오십시오.<0xdb>숙박은<br /><E7FD>!?＄입니다만<br />괜찮으시겠습니까?<return_p>하룻밤 <E7FD>!?＄인데<br />묵고 갈래?<return_p>숙박은<br /><E7FD>!?＄로 되어 있습니다만,<br />괜찮으시겠는지요?
S0599	땀 냄새 좀 나는 건 참아 줘.<0xdb00>그럼<br />편히 쉬어¨¨.<0xdb00>그럼<br />편히 쉬시구려¨¨.<0xdb>피로는 풀렸어?<br />이런 데라도 괜찮으면, 또<br />언제든 와도 돼.<0xdb>잘 잤어!<br />푹 쉬었으려나.<br />또
S0601	맡아 둔 물건이 없습니다<0xdb>지금 다음과 같은<br />일 의뢰가 들어와 있습니다.<0xdb>지금은 일 의뢰가<br />들어와 있지 않네요.<0xdb00>그럼, 어떤 의뢰(일)인가<br />하면¨¨.<0xdb>이 의뢰를 맡겠습니다.<br />괜찮으시겠습니까?
S0602	그럼, 다른 의뢰를 맡으시겠습니까?
S0603	그럼, 다음 기회에¨¨.<0xdb00>그럼, 다녀오십시오.<br />조심하시고요.<0xdb>일 하시느라 수고하셨습니다.<br />대성공이었네요.<0xdb>일은 실패하신 모양이네요.<br /><0xdb00>다른 의뢰도 보시겠습니까?
S0604	그럼, 또 일 의뢰가 들어오면<br />알려 드리겠습니다.<0xdb00>「너밖에 보이지 않아」편<0xdb>「사랑은 산맥을 넘어」편<br />「꿈의 광연‼
S0605	아아, 미녀 대결!?」편
S0606	「짐승이 된 소년」편<br />「마카오가 뜨거울 때」편
S0607	「잃어버린 빙마의 비보」편<0xdb>「홍콩 요마변」편<br />「홍콩 요마변２」편
S0613	늙지 않으며 세 개의 눈을 지닌 요괴라.
S0614	곧잘 사람 마음을 홀리며, 긴 생애에서
S0615	단 한 번 인간의 목숨을 먹는다.」<br /><arrow>삼지안 훔가라는 인간과 몹시 닮았으나,<br />인간의 이마에 해당하는 자리에<br />세 번째 눈이 있는 요마다.<br /><arrow>또한 세 번째 눈이 열려 있을 때와<br />닫혀 있을 때의 성격이 전혀 다르다.<br />인간으로 치면 이중인격인 셈이다.<br /><arrow>불사신, 불로불사를 관장한다고 하며<br />『성지』라 불리는 곳에<br />살았다는 전승이 있다.<br /><arrow>요마의 세계를 다스릴 만큼<br />그 힘은 절대적이고<br />지성도 높았다는 기록도 있으나<br />그 역사는 아직 수수께끼에 싸여 있다.<0xdb>『환상의 삼지안 훔가라』
S0616	저<br /><arrow>¨¨즉, 『만요록』에 따르면<br />삼지안 일족은 인화의 법이라는 술을<br />만들어 냈거나, 혹은 발견한 것이다.<br /><arrow>그리고 그들은 불로불사의 법마저 버리고,<br />짧은 목숨밖에 없는 인간이 되었다.<br />천수를 다하고 떠나간 것이다.<br /><arrow>허나 어찌하여<br />그들이 불사를 버렸는지는<br />알 수 없다.
S0617	¨¨¨¨¨¨<0xdb>『삼지안 훔가라에 관한 보고』
S0618	공저<br /><arrow>세 구의 삼지안이 등을 맞댄 상,<br />그것이 『인간의 상』이라 불리는 것의<br />정체라고 본다.<br /><arrow><portrait_0B>오래된 사진에 찍힌 것밖에<br />우리는 확인하지 못했으므로<br />그 재질 따위는 전혀 알 수 없다.<br /><arrow>전승으로 미루어 보건대<br />삼지안 일족이 인화의 법을 행할 때<br />쓴 도구가 『인간의 상』일 것이다.<br /><arrow>사진이라고는 하나 그 존재가 확인되고<br />삼지안 훔가라에 관한 전승이<br />세계 각지에 남아 있는 것으로 보아,<br /><arrow>삼지안 훔가라가<br />우리 인류, 이 세계와<br />어떤 연결을 지니고 있었음은<br />틀림없다.<0xdb>『만요록 연구
S0619	저<br /><arrow>「¨¨목숨 먹힌 자 죽은 사람이 되어,
S0620	그 피와 살, 멸하는 일 없다.
S0621	또 그 혼, 저 삼지안 훔가라
S0622	죽을 때까지 구원받지 못하리라.
S0623	목숨 먹힌 죽은 자, 이마에 무의 글자 있다.
S0624	이것이 무라 불리는 까닭이라.」<br /><arrow>삼지안 훔가라에게 제 혼을 빼앗긴 자는<br />죽을 수 없는 몸이 된다.<br /><arrow>즉, 삼지안에게 혼을 빼앗긴 자는<br />충성을 약속하는 대신<br />불로불사를 받게 되는 것이다.<br /><arrow>그 자의 이마에는 「무」의 글자가 나타난다.<br />불사신이기에 치유 능력이 뛰어나,<br />걷기만 해도 체력이 회복된다고 한다.<br /><arrow>또한 뛰어난 술자라 해도 보통 인간은<br />정기를 빨려 부릴 수 없는<br />수마를 몸 안에 기르는 것도 가능하다.<br /><arrow>무·삼지안의 존재를 확인할 수 있다면<br />이는 역사적인 대발견이다.<br /><arrow>허나 불로불사라는 인류의 꿈을<br />악용하려는 자도 나타나리라.<br />미지를 향한 탐구는, 어느 시대나<br />무언가를 희생해야만 하는 것인가?<0xdb>『만요록 연구
S0625	저<br /><arrow>여기서 내가 말하는 성지란,<br />예루살렘이나 메카 같은, 기독교나<br />이슬람교에서 말하는 그것이 아니다.<br /><arrow>이 『만요록 연구』 각 권에서 말한<br />삼지안 훔가라가 사는 땅을 말한다.<br /><arrow>샴발라, 도원향 등 각국에 남은<br />불로불사 전설의 뿌리도<br />여기에 있지 않을까 싶다.<br /><arrow>그곳에 이르려면<br />열쇠가 되는 통행증 같은 것을 쓰고,<br />곤륜이라 불리는 이승과의 경계에서<br />길을 떠나야만 하는 것이다¨¨.<0xdb00>『네크로노미콘
S0626	역<br /><arrow>전설의 대마도사 베나레스를 시조로 하는<br />강대한 힘을 품은 소환 마법의 하나.<br />베나레스가 누구인지는 전혀 알 수 없다.<br /><arrow>수마라 불리는 요마의 일종을 따르게 하고<br />제 피와 맞바꾸어 계약을 맺음으로써<br />소환할 수 있게 된다.<br /><arrow>허나 수마술을 익힌 자는<br />몸 안의 수마에게 정기를 계속 빨리므로<br />보통 인간에게는 목숨을 앗아 간다.<br /><arrow>그럼, 누가 수마술을 익힐 수 있는가?<br />일본 민족학의 권위 후지이 하지메 씨에 따르면<br />무라 불리는 불사의 요마뿐이라 한다.<br /><arrow>무는 불사신이기에 치유 능력이 뛰어나,<br />생명력을 아무리 잃어도 끄떡없다고 한다.<br />자세한 것은 그의 저서를 읽기 바란다.<br /><arrow>수마와 계약할 수 있는 곳으로<br />지금 확인된 것은<br />린드 공화국 비에뉴 북쪽에 있는 동굴,<br /><arrow>중국을 남북으로 가르는 산맥의 남쪽,<br />홍콩 북부 산맥을 따라 있는<br />오래된 사원 둘이다.<br /><arrow>땅에 새겨진 마법진 한가운데에 서서,<br />수마의 알을 쓰면<br />알에서 수마가 깨어난다고 한다.<br /><arrow>수마를 제 몸 안에 들이려면,<br />많은 피와 체력과 정기가 필요하다고 한다.<br />뭐, 어차피 그대가<br />무가 아니라면 상관없지만¨¨.<0xdb00>계간 『요격』 특별호<br />총력 특집 「석화의 역사」<br /><arrow>예로부터 꺼리는 술의 전형이라 불린 술,<br />그것이 석화의 술이다.<br /><arrow>본래는 불치병이나 상처의 진행을<br />억누르거나, 절대적인 죽음을 잠시라도<br />막기 위해 만들어졌다고 한다.<br /><arrow>그 효과는 술자마다 제각각이지만,<br />『박신』이라 불리는 석화와 비슷한<br />효과를 내는 술은 있을지언정,<br /><arrow>석화는 술을 건 자의<br />죽음으로써만 풀린다고 한다.<br /><arrow>또한 석화술은 연금술과 마찬가지로<br />본디 불가능한 술인 것이다.<br /><arrow>그것을 쓸 수 있는 것은<br />타고나기를 그 술을 쓸 수<br />있다고 하는 일부 일족뿐이다.<0xdb00>『만요록 연구
S0627	저<br /><arrow>곤륜이란 차원의 틈이라는 뜻이며,<br />하계와 천계의 경계를 가리키는 지명이다.<br /><arrow>조금 더 알기 쉽게 말하면<br />성지라 불리는 곳과<br />이 세계를 잇는 문이라 하겠다.<br /><arrow>지구상에는 이 곤륜이라 불리는 곳이<br />여럿 있다고 하나,<br />그 소재는 분명치 않다.<br /><arrow>또 땅에 따라 부르는 법도 가지가지라<br />곤륜이 있다고 하는<br />티베트 오지에서는 성당이라 부른다.<br /><arrow>또한 설령 곤륜을 찾아낸다 해도<br />그리 쉽게 성지에 갈 수는<br />없으리라 여겨진다.<br /><arrow>여러 문헌을 읽어 나가는 동안<br />알게 되었는데,<br />아무래도 『열쇠』가 필요한 모양이다.<br /><arrow>즉, 성지와 이 세계를<br />오가기 위한 허가증,<br />증표가 필요한 셈이다.<br /><arrow>허나 그것들은 우리가 생각하는 그런<br />열쇠의 형태를 띠고 있지 않고,<br />향로, 검 등 가지가지다.<br /><arrow>허나 한 가지 공통된 점은<br />그 어느 것에나 세 눈 무늬가<br />새겨져 있다는 것이다.<br /><arrow>성지에 관해서는 본서 제３권에서,<br />삼지안에 관해서는 제１권에서 사견을 섞어 풀이했으니<br />그쪽을 참고하기 바란다.<0xdb>『박물지』
S0628	편<br /><arrow>¨¨이 향로의 특색으로는,<br />옆면의 세 눈 무늬를 들 수 있다.<br /><arrow>또 이 향로에서 비롯되었다고<br />여겨지는 고문서가 있는데,<br />그 내용은 다음과 같다.<br /><arrow>「천제의 하계 도읍, 곤륜의 허에
