구분	id	필요바이트	한도	내용
자동축약	S0042	26	25	[player]은(는)<br />이걸 못 쓸 것 같은데<br />괜찮겠나?	=>	[player]은(는)<br />이걸 못 쓸 것같은데<br />괜찮겠나?
자동축약	S1680	21	20	효과→독과 경직을 회복시킨다	=>	효과→독과 경직을회복시킨다
자동축약	S2549	32	31	효과→독과 경직을 회복시킨다<br /><0xdb>還魂の霊薬	=>	효과→독과 경직을회복시킨다<br /><0xdb>還魂の霊薬
자동축약	S1319	14	13	자, 순찰 돌자!<0xdb>유	=>	자, 순찰돌자!<0xdb>유
자동축약	S3363	52	51	홍콩은 좋단 말이야<br />그렇게 생각하지?<br />복잡하긴 해도 말이야,<br />그게 또 좋잖아<0xdb00>や	=>	홍콩은 좋단 말이야<br />그렇게 생각하지?<br />복잡하긴 해도 말이야,<br />그게 또좋잖아<0xdb00>や
자동축약	S3366	46	45	홍콩엔 관광 오셨나요?<br />소매치기나 강도는 조심하는 편이<br />좋아요<0xdb00>やあば	=>	홍콩엔 관광 오셨나요?<br />소매치기나 강도는 조심하는편이<br />좋아요<0xdb00>やあば
자동축약	S3367	66	65	아직 그 애를 못 만나겠어!<br />８년간의 편지는 길었는데<br />펜팔 두 사람의 사랑은<br />이뤄지지 않는 걸까<0xdb00>やあヴ	=>	아직 그 애를 못 만나겠어!<br />８년간의 편지는 길었는데<br />펜팔 두 사람의 사랑은<br />이뤄지지 않는걸까<0xdb00>やあヴ
자동축약	S3369	24	22	마음 편한 학생으로<br />돌아가고 싶어<0xdb>やいく	=>	마음 편한학생으로<br />돌아가고싶어<0xdb>やいく
자동축약	S3370	47	46	그런 직업이 있다니¨¨<br />강시라든가,<br />영화를 너무 본 거 아냐?<0xdb00>やいぼ	=>	그런 직업이 있다니¨<br />강시라든가,<br />영화를 너무 본 거 아냐?<0xdb00>やいぼ
자동축약	S3382	37	35	이렇게 묶고, 또 묶고¨¨<br />어렵지. 익숙지 않으면<0xdb>やえ2	=>	이렇게 묶고, 또 묶고¨<br />어렵지. 익숙지않으면<0xdb>やえ2
자동축약	S3388	46	45	엄격한 검사로 마약은<br />절대 못 지나간다!<br />¨¨라고 저는 생각합니다<0xdb>やかこ	=>	엄격한 검사로 마약은<br />절대 못 지나간다!<br />¨라고 저는 생각합니다<0xdb>やかこ
자동축약	S3390	46	43	으~음, 좋겠다. 나, 삼국지의<br />열혈 팬이라서요. 특히 공명이요<0xdb>やかぁ	=>	으~음, 좋겠다. 나, 삼국지의<br />열혈팬이라서요.특히공명이요<0xdb>やかぁ
자동축약	S3391	35	33	헤에~ 홍콩에서 왔어!<br />어쩐지 세련됐더라!<0xdb00>やかノ	=>	헤에~ 홍콩에서왔어!<br />어쩐지세련됐더라!<0xdb00>やかノ
자동축약	S1886	74	73	ここより南¨¨¨¨¨新宿西高校<br />여기서 동쪽¨¨¨¨¨동신주쿠, ＭＳ빌딩<0xdb>신주쿠 지리에 관한 간판이<br />걸려 있다	=>	ここより南¨¨¨¨新宿西高校<br />여기서 동쪽¨¨¨¨동신주쿠, ＭＳ빌딩<0xdb>신주쿠 지리에 관한 간판이<br />걸려 있다
자동축약	S1887	76	75	여기서 동쪽¨¨¨¨¨동신주쿠, ＭＳ빌딩<br />ここより南西¨¨¨¨¨新宿西高校<0xdb>신주쿠 지리에 관한 간판이<br />걸려 있다	=>	여기서 동쪽¨¨¨¨동신주쿠, ＭＳ빌딩<br />ここより南西¨¨¨¨新宿西高校<0xdb>신주쿠 지리에 관한 간판이<br />걸려 있다
자동축약	S2011	67	60	슬금슬금</speak></portrait><br /><arrow><portrait_07>탓짱:<br /><speak>아니 뭐, 히, 히데 씨가 좋은 책을 손에<br />入れたっていうから</speak>¨¨<0xdb00>やいペ	=>	슬금슬금</speak></portrait><br /><arrow><portrait_07>탓짱:<br /><speak>아니 뭐,히,히데씨가좋은책을손에<br />入れたっていうから</speak>¨<0xdb00>やいペ
자동축약	S2012	49	47	뭐야 갑자기!<br />벌써 인간이 된 거냐!</speak></portrait><br /><arrow><portrait_00>야쿠모:<br /><speak>아니, 아직이지만	=>	뭐야 갑자기!<br />벌써 인간이 된거냐!</speak></portrait><br /><arrow><portrait_00>야쿠모:<br /><speak>아니,아직이지만
자동축약	S2016	77	69	요즘 오카무라 군의 나츠코를 향한 시선이<br />뜨겁다니까<br />멍하니 있다간, 나츠코를<br />오카무라 군한테 뺏긴다고!<0xdb00>やう！	=>	요즘 오카무라군의나츠코를향한시선이<br />뜨겁다니까<br />멍하니있다간,나츠코를<br />오카무라군한테뺏긴다고!<0xdb00>やう！
자동축약	S3096	18	17	인간은 모두, 피트리¨¨<0xdb00>유	=>	인간은 모두, 피트리¨<0xdb00>유
자동축약	S1304	36	35	마카오는 좋아. 뭐니 뭐니 해도<br />도박! 이게 최고야!<0xdb00>やあサ	=>	마카오는 좋아. 뭐니 뭐니 해도<br />도박! 이게최고야!<0xdb00>やあサ
자동축약	S1305	79	71	욕망과 쾌락의 도시 마카오에 어서 와!<br />여긴 원하는 건 뭐든<br />손에 넣을 수 있는 도시야!<br />물론 네 실력에 달렸지만<0xdb>やあヵ	=>	욕망과 쾌락의 도시 마카오에 어서 와!<br />여긴 원하는 건뭐든<br />손에넣을수있는도시야!<br />물론네실력에달렸지만<0xdb>やあヵ
자동축약	S1309	78	75	저 사람, 또 질리지도 않고<br />또 그 여자랑 만나고 있어¨¨<br />계속 저주해 주겠어!<br /><arrow>다시 한번,<br />날 돌아봐 주는 날까지¨¨<0xdb>やいょ	=>	저 사람, 또 질리지도 않고<br />또 그 여자랑 만나고 있어¨<br />계속 저주해 주겠어!<br /><arrow>다시 한번,<br />날 돌아봐 주는날까지¨<0xdb>やいょ
자동축약	S1310	95	93	네네, 뉘신지?<br />여긴 남자 금지,<br />꽃다운 여성 전용 아파트야<br /><arrow>뭐, 그렇다고는 해도<br />요즘 젊은 여자애들은<br />규칙을 안 지키니 큰일이야¨¨<0xdb00>やい８	=>	네네, 뉘신지?<br />여긴 남자 금지,<br />꽃다운 여성 전용 아파트야<br /><arrow>뭐, 그렇다고는 해도<br />요즘 젊은 여자애들은<br />규칙을 안 지키니큰일이야¨<0xdb00>やい８
자동축약	S1328	57	55	일본에서 온 관광객은<br />どうして<br />저렇게 선물을 많이 사 가는 거야?<br />수수께끼야¨¨<0xdb00>やきソ	=>	일본에서 온 관광객은<br />どうして<br />저렇게 선물을 많이 사 가는거야?<br />수수께끼야¨<0xdb00>やきソ
자동축약	S1330	72	69	미호시는 말괄량이라서<br />언제 무슨 엄청난 일을 저지를지<br />ホント心配¨¨。<br /><arrow>근데 난 레즈는 아니야<0xdb00>やき▼	=>	미호시는 말괄량이라서<br />언제 무슨 엄청난 일을 저지를지<br />ホント心配¨。<br /><arrow>근데 난레즈는아니야<0xdb00>やき▼
자동축약	S1369	36	35	마카오는 좋아. 뭐니 뭐니 해도<br />도박! 이게 최고야!<0xdb00>やあケ	=>	마카오는 좋아. 뭐니 뭐니 해도<br />도박! 이게최고야!<0xdb00>やあケ
자동축약	S1370	79	71	욕망과 쾌락의 도시 마카오에 어서 와!<br />여긴 원하는 건 뭐든<br />손에 넣을 수 있는 도시야!<br />물론 네 실력에 달렸지만<0xdb>やあョ	=>	욕망과 쾌락의 도시 마카오에 어서 와!<br />여긴 원하는 건뭐든<br />손에넣을수있는도시야!<br />물론네실력에달렸지만<0xdb>やあョ
자동축약	S1374	78	75	저 사람, 또 질리지도 않고<br />또 그 여자랑 만나고 있어¨¨<br />계속 저주해 주겠어!<br /><arrow>다시 한번,<br />날 돌아봐 주는 날까지¨¨<0xdb>やいぉ	=>	저 사람, 또 질리지도 않고<br />또 그 여자랑 만나고 있어¨<br />계속 저주해 주겠어!<br /><arrow>다시 한번,<br />날 돌아봐 주는날까지¨<0xdb>やいぉ
자동축약	S1382	103	101	여기서만 하는 얘긴데<br />귀여운 미호시는 브라콘이에요<br />브라더 콤플렉스였던가요?<br /><arrow>애니 콤플렉스가 아닙니다!<br />저, 저도 아니라고요!<br />그런데, 댁은?<0xdb00>やおげ	=>	여기서만 하는 얘긴데<br />귀여운 미호시는 브라콘이에요<br />브라더 콤플렉스였던가요?<br /><arrow>애니 콤플렉스가 아닙니다!<br />저, 저도아니라고요!<br />그런데,댁은?<0xdb00>やおげ
자동축약	S1392	70	67	미호시는 말괄량이라서<br />언제 무슨 엄청난 일을 저지를지<br />ホント心配¨。<br /><arrow>근데 난 레즈는 아니야<0xdb>やき6	=>	미호시는 말괄량이라서<br />언제 무슨 엄청난 일을 저지를지<br />ホント心配¨。<br /><arrow>근데난레즈는아니야<0xdb>やき6
자동축약	S2133	82	75	너, 외모도 목소리도 완벽해‼<br />마음만 먹으면 스타는 따 놓은 당상!?<br />여고 교복이 어울리는 아이돌로<br />売り出そう‼<0xdb00>やえれ	=>	너, 외모도 목소리도 완벽해‼<br />마음만 먹으면스타는따놓은당상!?<br />여고교복이어울리는아이돌로<br />売り出そう‼<0xdb00>やえれ
자동축약	S2146	34	33	여전히, 부산스럽게<br />바빠 보이는군, 야쿠모<0xdb00>やきん	=>	여전히, 부산스럽게<br />바빠 보이는군,야쿠모<0xdb00>やきん
자동축약	S2147	32	29	나아?<br />어머, 나, 헌팅당한 거 처음이야‼<0xdb>やきょ	=>	나아?<br />어머, 나,헌팅당한거처음이야‼<0xdb>やきょ
자동축약	S2168	55	53	여기 지배인, 멋있어♥<br />완전 반해 버렸어~<br />반드시, 그를 손에 넣고 말겠어‼<0xdb>やこチ	=>	여기 지배인, 멋있어♥<br />완전 반해 버렸어~<br />반드시, 그를 손에넣고말겠어‼<0xdb>やこチ
자동축약	S2244	62	61	하아¨¨. 사랑은 애틋해¨¨<br />이런 마음을, 대체 누구에게<br />상담해야 하는 거야?<br />별님 바보<0xdb00>やあは	=>	하아¨. 사랑은 애틋해¨<br />이런 마음을, 대체 누구에게<br />상담해야 하는 거야?<br />별님 바보<0xdb00>やあは
자동축약	S2246	16	15	나한테 무슨 볼일인가?<0xdb>やあア	=>	나한테 무슨볼일인가?<0xdb>やあア
자동축약	S2248	29	26	いやーッ‼<br />선배, 이상한 남자가 있어요‼<0xdb00>やあ	=>	いやーッ‼<br />선배,이상한남자가있어요‼<0xdb00>やあ
자동축약	S2263	74	67	지금은 아직 교감이지만<br />언젠가는 내가, 교장 자리에‼<br />교장의 미지근한 방식으로는<br />기부금은 안 모인다¨¨‼<0xdb>やかぉ	=>	지금은 아직 교감이지만<br />언젠가는 내가,교장자리에‼<br />교장의미지근한방식으로는<br />기부금은안모인다¨‼<0xdb>やかぉ
자동축약	S2269	73	72	자<br />다른 물건도<br />돌려드릴까요?<0xdb>맡아 둔 물건이 없습니다<0xdb>まヵま２ま６ま0ま4ま8ま(ま，ま；ま▼ま～ま「ま×ま→ま<arrow>ま	=>	자<br />다른 물건도<br />돌려드릴까요?<0xdb>맡아 둔 물건이없습니다<0xdb>まヵま２ま６ま0ま4ま8ま(ま，ま；ま▼ま～ま「ま×ま→ま<arrow>ま
자동축약	S2362	38	37	그 소녀가 이 마을을 찾아온<br />삼지안의 무였던 건가¨¨<0xdb00>やいチ	=>	그 소녀가 이 마을을 찾아온<br />삼지안의 무였던 건가¨<0xdb00>やいチ
자동축약	S2366	66	63	사티, 죽어 버렸구나¨¨<br />안됐구나¨¨<br />그래도, 천국에서 샤오룽 씨와<br />함께할 수 있으면 좋겠다¨¨<0xdb>유	=>	사티, 죽어 버렸구나¨<br />안됐구나¨<br />그래도, 천국에서 샤오룽 씨와<br />함께할 수 있으면 좋겠다¨<0xdb>유
자동축약	S2626	72	67	저희는 이곳을 떠날 수 없습니다<br />저희 몫까지, 성마님을 부탁드립니다<br />お願いいたします‼<0xdb>かきふえ寒きかえ6やえピ	=>	저희는 이곳을 떠날수없습니다<br />저희몫까지,성마님을부탁드립니다<br />お願いいたします‼<0xdb>かきふえ寒きかえ6やえピ
자동축약	S2633	74	71	저는 믿습니다!<br />언젠가 반드시, 저희 일족 여인들이<br />안심하고 무사히 아이를 낳을 수 있도록<br />되는 날이 오기를¨‼<0xdb>やくゥ	=>	저는 믿습니다!<br />언젠가 반드시, 저희 일족 여인들이<br />안심하고 무사히 아이를 낳을 수있도록<br />되는날이오기를¨‼<0xdb>やくゥ
자동축약	S2685	38	35	다누파의 백성은 황혼의 백성¨¨<br />우리 마을에 잘 오셨소¨¨<0xdb>や	=>	다누파의 백성은 황혼의 백성¨<br />우리 마을에 잘오셨소¨<0xdb>や
자동축약	S2712	21	19	쿤밍은 좋은 곳이지?<0xdb00>어떤가?	=>	쿤밍은좋은곳이지?<0xdb00>어떤가?
자동축약	S2789	28	25	마을 변두리야, 변두리<br />금방 알 거야<0xdb>やあ	=>	마을 변두리야,변두리<br />금방알거야<0xdb>やあ
자동축약	S0103	28	26	여기는 홍콩,<br />매혹의 차이나시티!<0xdb00>やお	=>	여기는홍콩,<br />매혹의차이나시티!<0xdb00>やお
자동축약	S0240	32	28	호오, 귀여운 처자를 데리고 있구먼<0xdb00>んとょオうつ	=>	호오,귀여운처자를데리고있구먼<0xdb00>んとょオうつ
자동축약	S0257	56	52	저번에 손님한테 뱀고기를 냈더니<br />진짜로 맞았다니까<br />이해 못 할 녀석이야¨¨<br /><arrow>어라¨¨?	=>	저번에 손님한테 뱀고기를 냈더니<br />진짜로 맞았다니까<br />이해 못할녀석이야¨<br /><arrow>어라¨?
자동축약	S0258	30	27	손님들,<br />왜 그리 무서운 얼굴이십니까?<0xdb00>やう	=>	손님들,<br />왜그리무서운얼굴이십니까?<0xdb00>やう
자동축약	S0299	28	26	여긴 홍콩,<br />매혹의 차이나시티<br />どう？	=>	여긴홍콩,<br />매혹의차이나시티<br />どう？
자동축약	S0424	49	45	새로운 기술을 개발했다<br />보라‼<br />真空投げ‼<arrow><br />그렇게까지 해서 이기고 싶은가?	=>	새로운 기술을개발했다<br />보라‼<br />真空投げ‼<arrow><br />그렇게까지해서이기고싶은가?
자동축약	S0569	51	49	수면실 없던 시절엔<br />바닥에 상자 깔고<br />イス並べたりして<br />자곤 했다고<0xdb00>やい０	=>	수면실 없던 시절엔<br />바닥에 상자깔고<br />イス並べたりして<br />자곤했다고<0xdb00>やい０
자동축약	S0573	91	83	쿠키 녀석¨¨,<arrow>아, 앞에 있는 개 이름인데<br />뭔가 영어 공부를 하고 있는 모양이야<br />제법인데¨¨<0xdb>ぉうロらあぶこあぇさあぉさあぶさあべつうルらあぼあ	=>	쿠키 녀석¨,<arrow>아, 앞에 있는 개이름인데<br />뭔가영어공부를하고있는모양이야<br />제법인데¨<0xdb>ぉうロらあぶこあぇさあぉさあぶさあべつうルらあぼあ
자동축약	S0843	48	41	냄새나 냄새나¨¨<br />그래도 회사에 수면실이 있는 것만으로<br />복 받은 거지<0xdb00>유	=>	냄새나 냄새나¨<br />그래도회사에수면실이있는것만으로<br />복받은거지<0xdb00>유
자동축약	S0844	54	49	수면실이 없던 시절엔<br />바닥에 골판지 깔고<br />イス並べたりして<br />자곤 했다고<0xdb00>やあォ	=>	수면실이없던시절엔<br />바닥에골판지깔고<br />イス並べたりして<br />자곤했다고<0xdb00>やあォ
자동축약	S0847	71	63	쿠키 녀석¨¨,<arrow><br />아, 앞에 있는 개 이름인데<br />뭔가 영어 공부를 하고 있는 모양이야<br />제법인데¨¨<0xdb00>やいん	=>	쿠키 녀석¨,<arrow><br />아, 앞에 있는 개이름인데<br />뭔가영어공부를하고있는모양이야<br />제법인데¨<0xdb00>やいん
자동축약	S1278	57	55	일본에서 온 관광객은<br />どうして<br />저렇게 선물을 많이 사 가는 거야?<br />수수께끼야¨¨<0xdb00>やおザ	=>	일본에서 온 관광객은<br />どうして<br />저렇게 선물을 많이 사 가는거야?<br />수수께끼야¨<0xdb00>やおザ
자동축약	S1357	13	12	¨¨うっく¨¨。<0xdb>やうユ	=>	¨うっく¨。<0xdb>やうユ
자동축약	S1358	103	101	여기서만 하는 얘긴데<br />귀여운 미호시는 브라콘이에요<br />브라더 콤플렉스였던가요?<br /><arrow>애니 콤플렉스가 아닙니다!<br />저, 저도 아니라고요!<br />그런데, 댁은?<0xdb00>やおぢ	=>	여기서만 하는 얘긴데<br />귀여운 미호시는 브라콘이에요<br />브라더 콤플렉스였던가요?<br /><arrow>애니 콤플렉스가 아닙니다!<br />저, 저도아니라고요!<br />그런데,댁은?<0xdb00>やおぢ
자동축약	S1547	37	33	난닝에 어서 오십시오<br />근데 아직 오기엔 이르지 않나?<0xdb00>あ	=>	난닝에 어서 오십시오<br />근데아직오기엔이르지않나?<0xdb00>あ
자동축약	S1850	79	76	야쿠모 군, 학교엔 아직 못 돌아와?<br />나츠코도 기다리고 있어<br />그 애, 센 척했지만<br />사실은 야쿠모 군을 좋아한다고!<0xdb00>やあ	=>	야쿠모 군, 학교엔 아직 못 돌아와?<br />나츠코도 기다리고 있어<br />그 애, 센 척했지만<br />사실은야쿠모군을좋아한다고!<0xdb00>やあ
자동축약	S1860	35	33	여긴, 좋단 말이야¨¨<br />난 여기 오면 마음이 놓여<0xdb>やえか	=>	여긴, 좋단 말이야¨<br />난 여기 오면 마음이놓여<0xdb>やえか
자동축약	S1862	31	28	야쿠모 군, 오랜만이네<br />마마한테 안부 전해‼<0xdb>やえぺ	=>	야쿠모 군,오랜만이네<br />마마한테안부전해‼<0xdb>やえぺ
자동축약	S1907	46	42	여긴, 좋단 말이야¨¨<br />난 여기 오면 마음이 놓여<0xdb>かい×さゲこい）つさばソ	=>	여긴, 좋단 말이야¨<br />난 여기오면마음이놓여<0xdb>かい×さゲこい）つさばソ
자동축약	S1909	32	28	야쿠모 군, 오랜만이네<br />마마한테 안부 전해‼<0xdb>やさ；	=>	야쿠모군,오랜만이네<br />마마한테안부전해‼<0xdb>やさ；
자동축약	S1937	80	77	야쿠모 군, 학교엔 아직 못 돌아와?<br />나츠코도 기다리고 있어<br />그 애, 센 척했지만<br />사실은 야쿠모 군을 좋아한다고!<0xdb00>やあナ	=>	야쿠모 군, 학교엔 아직 못 돌아와?<br />나츠코도 기다리고 있어<br />그 애, 센 척했지만<br />사실은야쿠모군을좋아한다고!<0xdb00>やあナ
자동축약	S1944	36	33	여긴, 좋단 말이야¨¨<br />난 여기 오면 마음이 놓여<0xdb>やい４	=>	여긴, 좋단 말이야¨<br />난 여기 오면마음이놓여<0xdb>やい４
자동축약	S1946	30	27	야쿠모 군, 오랜만이네<br />마마한테 안부 전해‼<0xdb>やい	=>	야쿠모 군,오랜만이네<br />마마한테안부전해‼<0xdb>やい
자동축약	S1989	65	58	슬금슬금</speak><br /><arrow><portrait_07>탓짱:<br /><speak>아니 뭐, 히, 히데 씨가 좋은 책을 손에<br />入れたっていうから</speak>¨¨<0xdb>やいブ	=>	슬금슬금</speak><br /><arrow><portrait_07>탓짱:<br /><speak>아니 뭐,히,히데씨가좋은책을손에<br />入れたっていうから</speak>¨<0xdb>やいブ
자동축약	S1995	75	69	요즘 오카무라 군의 나츠코를 향한 시선이<br />뜨겁다니까<br />멍하니 있다간, 나츠코를<br />오카무라 군한테 뺏긴다고!<0xdb00>やう	=>	요즘 오카무라 군의 나츠코를향한시선이<br />뜨겁다니까<br />멍하니있다간,나츠코를<br />오카무라군한테뺏긴다고!<0xdb00>やう
자동축약	S2047	81	74	너, 외모도 목소리도 완벽해‼<br />마음만 먹으면 스타는 따 놓은 당상!?<br />여고 교복이 어울리는 아이돌로<br />売り出そう‼<0xdb00>やお	=>	너, 외모도 목소리도 완벽해‼<br />마음만 먹으면스타는따놓은당상!?<br />여고교복이어울리는아이돌로<br />売り出そう‼<0xdb00>やお
자동축약	S2063	31	28	나아?<br />어머, 나, 헌팅당한 거 처음이야‼<0xdb>やす	=>	나아?<br />어머, 나,헌팅당한거처음이야‼<0xdb>やす
자동축약	S2217	30	27	いやーッ‼<br />선배, 이상한 남자가 있어요‼<0xdb00>やいマ	=>	いやーッ‼<br />선배,이상한남자가있어요‼<0xdb00>やいマ
자동축약	S2227	24	23	フフフフ¨¨¨。<0xdb00>かいＩょかい<br />くぎやきァ	=>	フフフフ¨¨。<0xdb00>かいＩょかい<br />くぎやきァ
자동축약	S2235	74	67	지금은 아직 교감이지만<br />언젠가는 내가, 교장 자리에‼<br />교장의 미지근한 방식으로는<br />기부금은 안 모인다¨¨‼<0xdb>やさラ	=>	지금은 아직 교감이지만<br />언젠가는 내가,교장자리에‼<br />교장의미지근한방식으로는<br />기부금은안모인다¨‼<0xdb>やさラ
자동축약	S2400	51	49	맡은 물건이 없습니다<0xdb>ら４ら８ら2ら6ら ら、ら・ら！ら―ら（ら『ら＄やら断やりい	=>	맡은 물건이없습니다<0xdb>ら４ら８ら2ら6らら、ら・ら！ら―ら（ら『ら＄やら断やりい
자동축약	S2606	74	71	저는 믿습니다!<br />언젠가 반드시, 저희 일족 여인들이<br />안심하고 무사히 아이를 낳을 수 있도록<br />되는 날이 오기를¨‼<0xdb>やかぴ	=>	저는 믿습니다!<br />언젠가 반드시, 저희 일족 여인들이<br />안심하고 무사히 아이를 낳을 수있도록<br />되는날이오기를¨‼<0xdb>やかぴ
자동축약	S2666	38	34	어째서 저런 아이가 죽어야 하나?<br />이봐, 가르쳐 줘!<0xdb00>유	=>	어째서 저런 아이가죽어야하나?<br />이봐,가르쳐줘!<0xdb00>유
자동축약	S2673	14	13	될 때까지¨¨<0xdb00>やく！	=>	될 때까지¨<0xdb00>やく！
자동축약	S2713	20	18	쿤밍은 좋은 곳이지?<0xdb00>かおるえ	=>	쿤밍은좋은곳이지?<0xdb00>かおるえ
자동축약	S3016	92	83	귀안왕과 베나레스의 행위를 용납 않고,<br />３００년 전 싸움 때에도<br />성마님의 성스러운 힘을 지지하며<br />맞선 자들이 모인 마을이 여기다<0xdb00>やたげ	=>	귀안왕과 베나레스의 행위를 용납 않고,<br />３００년 전싸움때에도<br />성마님의성스러운힘을지지하며<br />맞선자들이모인마을이여기다<0xdb00>やたげ
자동축약	S3131	55	53	홍콩은 좋단 말이야<br />그렇게 생각하지?<br />복잡하긴 해도 말이야,<br />그게 또 좋잖아<0xdb00>やい6	=>	홍콩은 좋단 말이야<br />그렇게 생각하지?<br />복잡하긴 해도 말이야,<br />그게또좋잖아<0xdb00>やい6
자동축약	S3134	46	45	홍콩엔 관광 오셨나요?<br />소매치기나 강도는 조심하는 편이<br />좋아요<0xdb00>やうぼ	=>	홍콩엔 관광 오셨나요?<br />소매치기나 강도는 조심하는편이<br />좋아요<0xdb00>やうぼ
자동축약	S3139	47	46	그런 직업이 있다니¨¨<br />강시라든가,<br />영화를 너무 본 거 아냐?<0xdb00>やえぼ	=>	그런 직업이 있다니¨<br />강시라든가,<br />영화를 너무 본 거 아냐?<0xdb00>やえぼ
자동축약	S3154	121	112	징<br />티베트<br />그만두기<0xdb00>그럼, 즐거운 여행 되시길<0xdb>죄송합니다만,<br />여권을 갖고 계시지 않은 분은<br />출국하실 수 없습니다<0xdb00>다시 찾아 주시기를<br />기다리겠습니다<0xdb>けぢけばけぼけぺけぅけゃけアけオけケけスけチけナけノやけヘ	=>	징<br />티베트<br />그만두기<0xdb00>그럼, 즐거운 여행되시길<0xdb>죄송합니다만,<br />여권을갖고계시지않은분은<br />출국하실수없습니다<0xdb00>다시찾아주시기를<br />기다리겠습니다<0xdb>けぢけばけぼけぺけぅけゃけアけオけケけスけチけナけノやけヘ
자동축약	S3180	45	44	엄격한 검사로 마약은<br />절대 못 지나간다!<br />¨라고 저는 생각합니다<0xdb00>やく	=>	엄격한 검사로 마약은<br />절대 못 지나간다!<br />¨라고 저는생각합니다<0xdb00>やく
자동축약	S3182	46	43	으~음, 좋겠다. 나, 삼국지의<br />열혈 팬이라서요. 특히 공명이요<0xdb>やくば	=>	으~음, 좋겠다. 나, 삼국지의<br />열혈팬이라서요.특히공명이요<0xdb>やくば
자동축약	S3183	35	33	헤에~ 홍콩에서 왔어!<br />어쩐지 세련됐더라!<0xdb00>やくソ	=>	헤에~ 홍콩에서왔어!<br />어쩐지세련됐더라!<0xdb00>やくソ
자동축약	S3214	46	45	엄격한 검사로 마약은<br />절대 못 지나간다!<br />¨라고 저는 생각합니다<0xdb00>やきよ	=>	엄격한 검사로 마약은<br />절대 못 지나간다!<br />¨라고 저는생각합니다<0xdb00>やきよ
자동축약	S3216	46	43	으~음, 좋겠다. 나, 삼국지의<br />열혈 팬이라서요. 특히 공명이요<0xdb>やきテ	=>	으~음, 좋겠다. 나, 삼국지의<br />열혈팬이라서요.특히공명이요<0xdb>やきテ
자동축약	S3217	35	33	헤에~ 홍콩에서 왔어!<br />어쩐지 세련됐더라!<0xdb00>やきザ	=>	헤에~ 홍콩에서왔어!<br />어쩐지세련됐더라!<0xdb00>やきザ
자동축약	S3219	113	111	징<br />티베트<br />그만두기<0xdb00>즐거운 여행 되시길<0xdb>죄송하지만,<br />여권이 없으신 분은<br />출국 불가합니다<0xdb00>또 찾아 주시기를<br />기다리겠습니다<0xdb>く４く８く2く6く く、く・く！く―く（く『く＄く<br />やく	=>	징<br />티베트<br />그만두기<0xdb00>즐거운 여행 되시길<0xdb>죄송하지만,<br />여권이 없으신 분은<br />출국 불가합니다<0xdb00>또 찾아주시기를<br />기다리겠습니다<0xdb>く４く８く2く6くく、く・く！く―く（く『く＄く<br />やく
자동축약	S3240	46	45	엄격한 검사로 마약은<br />절대 못 지나간다!<br />¨라고 저는 생각합니다<0xdb00>やこル	=>	엄격한 검사로 마약은<br />절대 못 지나간다!<br />¨라고 저는생각합니다<0xdb00>やこル
자동축약	S3241	47	43	으~음, 좋겠다. 나, 삼국지의<br />열혈 팬이라서요. 특히 공명이요<0xdb>やこ8	=>	으~음, 좋겠다. 나,삼국지의<br />열혈팬이라서요.특히공명이요<0xdb>やこ8
자동축약	S3242	34	32	헤에~ 홍콩에서 왔어!<br />어쩐지 세련됐더라!<0xdb00>やこ	=>	헤에~ 홍콩에서왔어!<br />어쩐지세련됐더라!<0xdb00>やこ
자동축약	S3245	93	84	징<br />티베트<br />그만두기<0xdb00>그럼, 즐거운 여행 되시길<0xdb>죄송합니다만,<br />여권을 갖고 계시지 않은 분은<br />출국하실 수 없습니다<0xdb00>다시 찾아 주시기를<br />기다리겠습니다<0xdb>し	=>	징<br />티베트<br />그만두기<0xdb00>그럼, 즐거운 여행되시길<0xdb>죄송합니다만,<br />여권을갖고계시지않은분은<br />출국하실수없습니다<0xdb00>다시찾아주시기를<br />기다리겠습니다<0xdb>し
자동축약	S3267	45	44	엄격한 검사로 마약은<br />절대 못 지나간다!<br />¨라고 저는 생각합니다<0xdb00>やか	=>	엄격한 검사로 마약은<br />절대 못 지나간다!<br />¨라고 저는생각합니다<0xdb00>やか
자동축약	S3268	46	43	으~음, 좋겠다. 나, 삼국지의<br />열혈 팬이라서요. 특히 공명이요<0xdb>やきよ	=>	으~음, 좋겠다. 나, 삼국지의<br />열혈팬이라서요.특히공명이요<0xdb>やきよ
자동축약	S3269	35	33	헤에~ 홍콩에서 왔어!<br />어쩐지 세련됐더라!<0xdb00>やきぁ	=>	헤에~ 홍콩에서왔어!<br />어쩐지세련됐더라!<0xdb00>やきぁ
자동축약	S3272	121	112	징<br />티베트<br />그만두기<0xdb00>그럼, 즐거운 여행 되시길<0xdb>죄송합니다만,<br />여권을 갖고 계시지 않은 분은<br />출국하실 수 없습니다<0xdb00>다시 찾아 주시기를<br />기다리겠습니다<0xdb>くヒくマくモくラくロくヴくゲくズくヂくバくボくペくゥやくャ	=>	징<br />티베트<br />그만두기<0xdb00>그럼, 즐거운 여행되시길<0xdb>죄송합니다만,<br />여권을갖고계시지않은분은<br />출국하실수없습니다<0xdb00>다시찾아주시기를<br />기다리겠습니다<0xdb>くヒくマくモくラくロくヴくゲくズくヂくバくボくペくゥやくャ
자동축약	S3294	47	45	엄격한 검사로 마약은<br />절대 못 지나간다!<br />¨라고 저는 생각합니다<0xdb00>やか▼	=>	엄격한 검사로 마약은<br />절대 못 지나간다!<br />¨라고저는생각합니다<0xdb00>やか▼
자동축약	S3295	46	43	으~음, 좋겠다. 나, 삼국지의<br />열혈 팬이라서요. 특히 공명이요<0xdb>やきか	=>	으~음, 좋겠다. 나, 삼국지의<br />열혈팬이라서요.특히공명이요<0xdb>やきか
자동축약	S3296	35	33	헤에~ 홍콩에서 왔어!<br />어쩐지 세련됐더라!<0xdb00>やきり	=>	헤에~ 홍콩에서왔어!<br />어쩐지세련됐더라!<0xdb00>やきり
자동축약	S3299	121	112	징<br />티베트<br />그만두기<0xdb00>그럼, 즐거운 여행 되시길<0xdb>죄송합니다만,<br />여권을 갖고 계시지 않은 분은<br />출국하실 수 없습니다<0xdb00>다시 찾아 주시기를<br />기다리겠습니다<0xdb>くぉくょくウくキくサくソくテくヌくヒくマくモくラくロやくヴ	=>	징<br />티베트<br />그만두기<0xdb00>그럼, 즐거운 여행되시길<0xdb>죄송합니다만,<br />여권을갖고계시지않은분은<br />출국하실수없습니다<0xdb00>다시찾아주시기를<br />기다리겠습니다<0xdb>くぉくょくウくキくサくソくテくヌくヒくマくモくラくロやくヴ
자동축약	S3325	45	44	엄격한 검사로 마약은<br />절대 못 지나간다!<br />¨라고 저는 생각합니다<0xdb00>やお	=>	엄격한 검사로 마약은<br />절대 못 지나간다!<br />¨라고 저는생각합니다<0xdb00>やお
자동축약	S3327	46	43	으~음, 좋겠다. 나, 삼국지의<br />열혈 팬이라서요. 특히 공명이요<0xdb>やかぞ	=>	으~음, 좋겠다. 나, 삼국지의<br />열혈팬이라서요.특히공명이요<0xdb>やかぞ
자동축약	S3328	35	33	헤에~ 홍콩에서 왔어!<br />어쩐지 세련됐더라!<0xdb00>やかケ	=>	헤에~ 홍콩에서왔어!<br />어쩐지세련됐더라!<0xdb00>やかケ
자동축약	S3335	47	45	홍콩엔 관광 오셨나요?<br />소매치기나 강도는 조심하는 편이<br />좋아요<0xdb00>やあ2	=>	홍콩엔 관광 오셨나요?<br />소매치기나 강도는조심하는편이<br />좋아요<0xdb00>やあ2
자동축약	S3337	24	22	마음 편한 학생으로<br />돌아가고 싶어<0xdb>やいロ	=>	마음 편한학생으로<br />돌아가고싶어<0xdb>やいロ
자동축약	S3338	48	46	그런 직업이 있다니¨¨<br />강시라든가,<br />영화를 너무 본 거 아냐?<0xdb00>やい6	=>	그런 직업이 있다니¨<br />강시라든가,<br />영화를 너무 본 거아냐?<0xdb00>やい6
자동축약	S3358	46	43	으~음, 좋겠다. 나, 삼국지의<br />열혈 팬이라서요. 특히 공명이요<0xdb>やきス	=>	으~음, 좋겠다. 나, 삼국지의<br />열혈팬이라서요.특히공명이요<0xdb>やきス
자동축약	S3359	35	33	헤에~ 홍콩에서 왔어!<br />어쩐지 세련됐더라!<0xdb00>やきヴ	=>	헤에~ 홍콩에서왔어!<br />어쩐지세련됐더라!<0xdb00>やきヴ
자동축약	S3361	116	112	징<br />티베트<br />그만두기<0xdb00>즐거운 여행 되시길<0xdb>죄송하지만,<br />여권이 없으신 분은<br />출국 불가합니다<0xdb00>또 찾아 주시기를<br />기다리겠습니다<0xdb>くヵく２く６く0く4く8く(く，く；く▼く～く「く×やく→	=>	징<br />티베트<br />그만두기<0xdb00>즐거운 여행 되시길<0xdb>죄송하지만,<br />여권이 없으신분은<br />출국불가합니다<0xdb00>또찾아주시기를<br />기다리겠습니다<0xdb>くヵく２く６く0く4く8く(く，く；く▼く～く「く×やく→
