id	사용횟수	바이트여유	일본어글자수	일본어	한국어
S0121	15	111	98	ついつかつこつせつつつにつはつほつめつよつれつんつげつずつぢつばつぼつぺつぅつゃつアつオつケつスつチつナつノつヘつムつユつルつヲつギつザつゾつデつブつピつァつォつョつ０つ４つ８つ2つ6つ つ、つ・つ！つ―つ（つ『つ＄つ<br />つ	
S0120	13	111	98	ちいちかちこちせちつちにちはちほちめちよちれちんちげちずちぢちばちぼちぺちぅちゃちアちオちケちスちチちナちノちヘちムちユちルちヲちギちザちゾちデちブちピちァちォちョち０ち４ち８ち2ち6ち ち、ち・ち！ち―ち（ち『ち＄ち<br />ち	
S0122	11	111	98	ていてかてこてせてつてにてはてほてめてよてれてんてげてずてぢてばてぼてぺてぅてゃてアてオてケてスてチてナてノてヘてムてユてルてヲてギてザてゾてデてブてピてァてォてョて０て４て８て2て6て て、て・て！て―て（て『て＄て<br />て	
S0354	11	111	98	たいたかたこたせたつたにたはたほためたよたれたんたげたずたぢたばたぼたぺたぅたゃたアたオたケたスたチたナたノたヘたムたユたルたヲたギたザたゾたデたブたピたァたォたョた０た４た８た2た6た た、た・た！た―た（た『た＄た<br />た	
S1045	11	111	98	しいしかしこしせしつしにしはしほしめしよしれしんしげしずしぢしばしぼしぺしぅしゃしアしオしケしスしチしナしノしヘしムしユしルしヲしギしザしゾしデしブしピしァしォしョし０し４し８し2し6し し、し・し！し―し（し『し＄し<br />し	
S0401	10	7	6	やや鋭やゆつ	
S2858	10	30	14	効果→味方一人のＨＰを最大値の半分	
S0123	9	111	98	といとかとことせとつとにとはとほとめとよとれとんとげとずとぢとばとぼとぺとぅとゃとアとオとケとスとチとナとノとヘとムとユとルとヲとギとザとゾとデとブとピとァとォとョと０と４と８と2と6と と、と・と！と―と（と『と＄と<br />と	
S2862	9	7	6	やぱ断やぴよ	
S0353	8	111	98	そいそかそこそせそつそにそはそほそめそよそれそんそげそずそぢそばそぼそぺそぅそゃそアそオそケそスそチそナそノそヘそムそユそルそヲそギそザそゾそデそブそピそァそォそョそ０そ４そ８そ2そ6そ そ、そ・そ！そ―そ（そ『そ＄そ<br />そ	
S1165	8	111	98	すいすかすこすせすつすにすはすほすめすよすれすんすげすずすぢすばすぼすぺすぅすゃすアすオすケすスすチすナすノすヘすムすユすルすヲすギすザすゾすデすブすピすァすォすョす０す４す８す2す6す す、す・す！す―す（す『す＄す<br />す	
S0015	7	111	98	ないなかなこなせなつなになはなほなめなよなれなんなげなずなぢなばなぼなぺなぅなゃなアなオなケなスなチなナなノなヘなムなユなルなヲなギなザなゾなデなブなピなァなォなョな０な４な８な2な6な な、な・な！な―な（な『な＄な<br />な	
S1044	6	111	98	さいさかさこさせさつさにさはさほさめさよされさんさげさずさぢさばさぼさぺさぅさゃさアさオさケさスさチさナさノさヘさムさユさルさヲさギさザさゾさデさブさピさァさォさョさ０さ４さ８さ2さ6さ さ、さ・さ！さ―さ（さ『さ＄さ<br />さ	
S2266	6	7	6	やふ鋭やへぅ	
S2611	6	7	6	やや温やゆふ	
S2800	6	7	6	やふ温やへぼ	
S2882	6	7	6	やふ鋭やへみ	
S3000	6	7	6	やぬ鋭やゆり	
S3074	6	7	6	やべ断やぼぁ	
S0016	5	111	98	にいにかにこにせにつにににはにほにめによにれにんにげにずにぢにばにぼにぺにぅにゃにアにオにケにスにチにナにノにヘにムにユにルにヲにギにザにゾにデにブにピにァにォにョに０に４に８に2に6に に、に・に！に―に（に『に＄に<br />に	
S0205	5	7	6	やら断やりか	
S0706	5	7	6	やろ温やわえ	
S0834	5	7	6	やゆ断やよこ	
S0860	5	7	6	やま温やみい	
S0920	5	7	6	やま断やみか	
S1048	5	7	6	やひ断やふえ	
S1167	5	7	6	やひ鋭やふく	
S1186	5	7	6	やま断やみし	
S1347	5	7	6	やゆ鋭やよほ	
S1541	5	11	8	やよ<portrait_00>やよ温やらえ	
S1603	5	7	6	やれ温やろふ	
S1648	5	11	8	やひ<portrait_00>やひ鋭やふか	
S1784	5	7	6	やざ断やじせ	
S1838	5	7	6	やふ断やへし	
S1873	5	7	6	やま鋭やみせ	
S1999	5	7	6	やふ温やへね	
S2019	5	7	6	やひ鋭やふこ	
S2295	5	7	6	やら断やりほ	
S2319	5	111	98	せいせかせこせせせつせにせはせほせめせよせれせんせげせずせぢせばせぼせぺせぅせゃせアせオせケせスせチせナせノせヘせムせユせルせヲせギせザせゾせデせブせピせァせォせョせ０せ４せ８せ2せ6せ せ、せ・せ！せ―せ（せ『せ＄せ<br />せ	
S2347	5	7	6	やる断やれえ	
S2454	5	7	6	やぎ断やぐい	
S2455	5	7	6	やぐ鋭やげつ	
S2481	5	7	6	やま断やみせ	
S0017	4	111	98	ぬいぬかぬこぬせぬつぬにぬはぬほぬめぬよぬれぬんぬげぬずぬぢぬばぬぼぬぺぬぅぬゃぬアぬオぬケぬスぬチぬナぬノぬヘぬムぬユぬルぬヲぬギぬザぬゾぬデぬブぬピぬァぬォぬョぬ０ぬ４ぬ８ぬ2ぬ6ぬ ぬ、ぬ・ぬ！ぬ―ぬ（ぬ『ぬ＄ぬ<br />ぬ	
S0018	4	111	98	ねいねかねこねせねつねにねはねほねめねよねれねんねげねずねぢねばねぼねぺねぅねゃねアねオねケねスねチねナねノねヘねムねユねルねヲねギねザねゾねデねブねピねァねォねョね０ね４ね８ね2ね6ね ね、ね・ね！ね―ね（ね『ね＄ね<br />ね	
S0705	4	7	6	やる鋭やれぺ	
S2176	4	7	6	やむ温やめよ	
S3079	4	7	6	やぶ断やべぎ	
S3389	4	17	14	バウバウババウバウバウ！<0xdb00>やかふ	
S0356	3	7	6	やみ鋭やむぁ	
S0447	3	7	6	やみ温やむり	
S0554	3	111	98	ひいひかひこひせひつひにひはひほひめひよひれひんひげひずひぢひばひぼひぺひぅひゃひアひオひケひスひチひナひノひヘひムひユひルひヲひギひザひゾひデひブひピひァひォひョひ０ひ４ひ８ひ2ひ6ひ ひ、ひ・ひ！ひ―ひ（ひ『ひ＄ひ<br />ひ	
S0555	3	111	98	ふいふかふこふせふつふにふはふほふめふよふれふんふげふずふぢふばふぼふぺふぅふゃふアふオふケふスふチふナふノふヘふムふユふルふヲふギふザふゾふデふブふピふァふォふョふ０ふ４ふ８ふ2ふ6ふ ふ、ふ・ふ！ふ―ふ（ふ『ふ＄ふ<br />ふ	
S0674	3	7	6	やや温やゆぼ	
S1093	3	7	6	やれ鋭やろぅ	
S1481	3	7	6	やろ温やわわ	
S1584	3	111	98	のいのかのこのせのつのにのはのほのめのよのれのんのげのずのぢのばのぼのぺのぅのゃのアのオのケのスのチのナのノのヘのムのユのルのヲのギのザのゾのデのブのピのァのォのョの０の４の８の2の6の の、の・の！の―の（の『の＄の<br />の	
S1888	3	63	28	ここより北東¨¨¨¨東新宿、ＭＳビル<br />ここより西¨¨¨¨¨新宿西高校<br />ここより南¨¨¨¨¨原宿	
S1927	3	7	6	やろ鋭やわぺ	
S2756	3	7	6	やげ断やごぺ	
S2850	3	111	98	ごいごかごこごせごつごにごはごほごめごよごれごんごげごずごぢごばごぼごぺごぅごゃごアごオごケごスごチごナごノごヘごムごユごルごヲごギごザごゾごデごブごピごァごォごョご０ご４ご８ご2ご6ご ご、ご・ご！ご―ご（ご『ご＄ご<br />ご	
S2851	3	111	98	ざいざかざこざせざつざにざはざほざめざよざれざんざげざずざぢざばざぼざぺざぅざゃざアざオざケざスざチざナざノざヘざムざユざルざヲざギざザざゾざデざブざピざァざォざョざ０ざ４ざ８ざ2ざ6ざ ざ、ざ・ざ！ざ―ざ（ざ『ざ＄ざ<br />ざ	
S2852	3	111	98	じいじかじこじせじつじにじはじほじめじよじれじんじげじずじぢじばじぼじぺじぅじゃじアじオじケじスじチじナじノじヘじムじユじルじヲじギじザじゾじデじブじピじァじォじョじ０じ４じ８じ2じ6じ じ、じ・じ！じ―じ（じ『じ＄じ<br />じ	
S2853	3	111	98	ずいずかずこずせずつずにずはずほずめずよずれずんずげずずずぢずばずぼずぺずぅずゃずアずオずケずスずチずナずノずヘずムずユずルずヲずギずザずゾずデずブずピずァずォずョず０ず４ず８ず2ず6ず ず、ず・ず！ず―ず（ず『ず＄ず<br />ず	
S2854	3	111	98	ぜいぜかぜこぜせぜつぜにぜはぜほぜめぜよぜれぜんぜげぜずぜぢぜばぜぼぜぺぜぅぜゃぜアぜオぜケぜスぜチぜナぜノぜヘぜムぜユぜルぜヲぜギぜザぜゾぜデぜブぜピぜァぜォぜョぜ０ぜ４ぜ８ぜ2ぜ6ぜ ぜ、ぜ・ぜ！ぜ―ぜ（ぜ『ぜ＄ぜ<br />ぜ	
S2855	3	65	53	ぜ実実実実実実実実実実実歯ほぐめぐよぐれぐんぐげぐずぐぢぐばぐぼぐぺぐぅぐゃぐアぐオぐケぐスぐチぐナやぐノ	
S2859	3	7	6	やぜ鋭やぞヌ	
S2861	3	7	6	やど断やばナ	
S2863	3	7	6	やだ温やぢぼ	
S2864	3	7	6	やぶ断やべキ	
S2866	3	7	6	やべ温やぼよ	
S2867	3	37	24	預かっている品物がありません<0xdb>ぽ(ぽ，ぽ；ぽ▼ぽ～ぽ「ぽ×ぽ→ぽ<arrow>ぽ	
S2878	3	195	183	あああいあうあえあおあかあきあくあけあこあさあしあすあせあそあたあちあつあてあとあなあにあぬあねあのあはあひあふあへあほあまあみあむあらありあるあれあろあわあをあんあがあぎあめあもあやあゆあよあぐあげあごあざあじあずあぜあぞあだあぢあづあであどあばあびあぶあべあぼあぱあぴせスせナせノせムせユせヲせギせザせゾせデせブせピせァせョせ０せ４せ８せ2せ6せ せ、せ・せ！せ―せ（せ『せ『せヘせルせ	
S2879	3	111	98	そせそつそつそはそほそめそよそれそんそげそずそぢそばそぼそぺそぅそゃそアそオそケそスせピそせせブそチそナそノそヘそムそユそルそヲそギそザそゾそデそブそピそァそォそョそ０そ４そ８そ2そ6そ そ、そ・そ！そ―そ（そ『そ＄そ<br />そ	
S2884	3	7	6	やぬ断やねほ	
S0157	2	7	6	やみ温やむほ	
S0160	2	7	6	やほ断やまょ	
S0509	2	7	6	やほ断やまみ	
S0556	2	111	98	へいへかへこへせへつへにへはへほへめへよへれへんへげへずへぢへばへぼへぺへぅへゃへアへオへケへスへチへナへノへヘへムへユへルへヲへギへザへゾへデへブへピへァへォへョへ０へ４へ８へ2へ6へ へ、へ・へ！へ―へ（へ『へ＄へ<br />へ	
S1020	2	19	18	卒ごごごごごごごごごごごござぴござぶ	
S1043	2	111	98	こいこかこここせこつこにこはこほこめこよこれこんこげこずこぢこばこぼこぺこぅこゃこアこオこケこスこチこナこノこヘこムこユこルこヲこギこザこゾこデこブこピこァこォこョこ０こ４こ８こ2こ6こ こ、こ・こ！こ―こ（こ『こ＄こ<br />こ	
S1047	2	7	6	やぬ断やねれ	
S1095	2	7	6	やり温やるん	
S1185	2	7	6	やひ断やふぺ	
S1293	2	7	6	やほ温やまほ	
S1351	2	7	6	やみ温やむず	
S1352	2	7	6	やむ鋭やめめ	
S1479	2	7	6	やゆ鋭やよム	
S1480	2	7	6	やよ温やらみ	
S1557	2	7	6	やち断やつぅ	
S1585	2	111	98	はいはかはこはせはつはにはははほはめはよはれはんはげはずはぢはばはぼはぺはぅはゃはアはオはケはスはチはナはノはヘはムはユはルはヲはギはザはゾはデはブはピはァはォはョは０は４は８は2は6は は、は・は！は―は（は『は＄は<br />は	
S1588	2	7	6	やふ温やへげ	
S1655	2	117	87	きゃあああっ！<br />きゃあああっ！<br />きゃあああっ！<br /><arrow>きゃあああっ！<br />きゃあああっ！<br />きゃあああっ！<br /><arrow>きゃあああっ！<br />きゃあああっ！<br />きゃあああっ！<br /><arrow>きゃあああっ！<br />きゃあああっ！<br />きゃあああっ！<br />きゃあああああああああっ！<0xdb00>やあア	
S1783	2	7	6	やぎ断やぐラ	
S2026	2	153	145	あああいあうあえあおあかあきあくあけあこあさあしあすあせあそあたあちあつあてあとあなあにあぬあねあのあはあひあふあへあほあまあみあむあらありあるあれあろあわあをあんあがあぎあめあもあやあゆあよあぐあげあごあざあじあずあぜあぞあだあぢあづあであどあばあびあぶあべあぼあぱあぴけ2け け、け！け―け『け＄け<br />け	
S2027	2	21	12	こ6こ こ、こ・こ！こ―こ（こ『こ＄こ<br />こ	
S2028	2	101	93	せいせかせこせせせつせにせはせほせめせよせれせんせげせずせぢせばせぼせぺせぅせゃせアせオせケせスせチせナせノせヘせムせユせルせヲせギせザせゾせデせブせピせァせォせョせ０せ４せ８せ2せ6せ せ、せ・やせ！	
S2030	2	7	6	やぬ断やねぅ	
S2031	2	7	6	やせ鋭やそぎ	
S2032	2	7	6	やそ鋭やたれ	
S2033	2	7	6	やた鋭やちゃ	
S2107	2	7	6	やず温やぜね	
S2142	2	45	22	客が全然来なくて<br />ヒマなんだよ。<br /><arrow>¨¨¨¨¨¨¨¨¨¨¨¨寝よっかな。<0xdb>やかラ	
S2170	2	19	9	綾小路ぱい：<br /><speak>八雲さん</speak>‼	
S2177	2	7	6	やぬ温やねぢ	
S2178	2	7	6	やみ温やむぉ	
S2179	2	7	6	やほ断やまれ	
S2180	2	7	6	やや鋭やゆた	
S2181	2	7	6	やら鋭やりい	
S2209	2	548	506	九十九さんは、なくなったそうです。<br />人形たちに囲まれて<br />死んでいたそうですが¨¨。<br /><arrow>寂しくてお気の毒というべきなのか<br />御本人は幸せだったのか¨¨¨。<br />今となっては、何を申しても<br />九十九さんには届きませんけどね¨¨。<0xdb>けぁけぁけぁけぁけぁけぁけぁけぁけぁけぁけぁけぁけぁけぁけぁけぁけぁけぁけぁけぁけぁけぁけぁけぁけぁけぁけぁけぁけぁけぁけぅけゃけアけオけケけスけスけスけスけスけスけスけスけスけスけスけスけスけスけスけスけスけスけスけスけスけスけスけスけスけスけスけスけスけスけスけスけスけスけスけスけスけスけスけスけスけスけスけスけスけスけスけスけスけスけスけスけスけスけスけスけスけスけスけスけスけスけスけスけスけスけスけスけスけスけスけスけスけスけスけスけスけスけスけスけスけスけスけスけスけスけスけスけスけスけスけスけスけスけスけスけスけスけスけスけスけスけスけスけスけスけスけスけスけスけスけスけスけスけスけスけスけスけスけスけスけスけスけスけスけスけスけスけスけスけスけスけスけスけスけスけスけスけスけスけスけスけスけスけスけスけスけスけスけスけスけスけスけスけスけスけスけスけスけスけスけスけスけスけスけスけスけスけスけスけスけスけスけス	
S2264	2	7	6	やぬ断やねげ	
S2267	2	7	6	やた断やちぺ	
S2270	2	7	6	やま鋭やみか	
S2370	2	7	6	やち温やつや	
S2428	2	21	20	こてぃてむみらてぃぉむ堕てみカあじてみナ	
S2480	2	7	6	やひ断やふラ	
S2501	2	7	6	やま温やたム	
S2502	2	7	6	やま温やたヂ	
S2503	2	7	6	やつ温やてゃ	
S2505	2	7	6	やま温やたョ	
S2506	2	7	6	やへ断やほね	
S2508	2	49	45	預かっている品物がありません<0xdb>みみみやみりみわみぎみざみぞみでみぶみぴみぁみぉみょむぺやみウ	
S2644	2	7	6	やほ鋭やまキ	
S2646	2	7	6	やゆ断やよぎ	
S2647	2	67	55	預かっている品物がありません<0xdb>るオるケるスるチるナるノるヘるムるユるルるヲるギるザるゾるゥる８る2る6る る、る・る！る―やる（	
S2694	2	7	6	やせ鋭やそぞ	
S2697	2	7	6	やそ温やたヲ	
S2698	2	47	36	預かっている品物がありません<0xdb>ふデふブふピふァふォふョふ０ふ４ふ８ふ2ふ6ふ ふ、やふ・	
S2798	2	35	22	さァさォさョさ０さ４さ８さ2さ6さ さ、さ・さ！さ―さ（さ『さ＄さ<br />さ	
S2802	2	45	36	預かっている品物がありません<0xdb>みズみヂみバみボみペみゥみャみヵみ２み６み0み4み（む	
S2998	2	7	6	やぬ鋭やねぅ	
S2999	2	7	6	やみ温やむテ	
S3001	2	7	6	やほ断やまん	
S3003	2	45	41	預かっている品物がありません<0xdb>らつらにらはらほらめらよられらんらげらずらぢらばやらぼ	
S3073	2	11	9	やず温やず温やぜり	
S3075	2	7	6	やば断やびヌ	
S3076	2	7	6	やず温やぜこ	
S3077	2	7	6	やど断やばげ	
S3080	2	7	6	やず温やぜめ	
S3081	2	7	6	やぜ温やぞぅ	
S3082	2	45	41	預かっている品物がありません<0xdb>ぺぴぺぁぺぉぺょぺウぺキぺサぺソぺテぺヌぺヒぺマやぺデ	
S3127	2	45	41	預かっている品物がありません<0xdb>ろざろぞろでろぶろぴろぁろぉろょろウろキろサろソやろヲ	
S3128	2	7	6	やろ断やわぞ	
S3463	2	107	86	ナパルバ：<br />聖地へは行けましたか？<br />。かずかぢかばかぼかぺかぅかゃかアかオかケかスかチかナかノかヘかムかユかルかヲかギかザかゾかデかブかピかァかォかョか０か４か８か2か6か か、か・か！か―か（か『か＄か<br />か	
S3464	2	111	98	きいきかきこきせきつきにきはきほきめきよきれきんきげきずきぢきばきぼきぺきぅきゃきアきオきケきスきチきナきノきヘきムきユきルきヲきギきザきゾきデきブきピきァきォきョき０き４き８き2き6き き、き・き！き―き（き『き＄き<br />き	
S3465	2	111	98	くいくかくこくせくつくにくはくほくめくよくれくんくげくずくぢくばくぼくぺくぅくゃくアくオくケくスくチくナくノくヘくムくユくルくヲくギくザくゾくデくブくピくァくォくョく０く４く８く2く6く く、く・く！く―く（く『く＄く<br />く	
S0014	1	95	82	とめとよとれとんとげとずとぢとばとぼとぺとぅとゃとアとオとケとスとチとナとノとヘとムとユとルとヲとギとザとゾとデとブとピとァとォとョと０と４と８と2と6と と、と・と！と―と（と『と＄と<br />と	
S0019	1	10	8	やて断やて鋭やて	
S0023	1	7	6	やひ断やふユ	
S0027	1	7	6	やみ断やむれ	
S0028	1	7	6	やよ鋭やらた	
S0085	1	7	6	やる鋭やれい	
S0105	1	63	48	くーんくん。<br />くんくん。くんくん。くんくんくん。<br />くん。くんくんくん。くんくん。<br />くんくん。くんくんくんくん。くん。<0xdb00>やかぴ	
S0119	1	65	52	たスたチたナたノたヘたムたユたルたヲたギたザたゾたデたブたピたァたォたョた０た４た８た2た6た た、た・た！た―た（た『た＄た<br />た	
S0124	1	121	110	ないなかなこなせなつなになはなほなめなよなれなんなげなずなぢなばなぼなぺなぅなゃなアなオなケなスなチなナなノなヘなヘなヘなヘなヘなヘなヘなヘなヘなヘなヘなヘそギそザそゾそデそブそピそァそォそョそ０そ４そ８そ2そ6そ そ、そ・そ！そ―そ（やそ『	
S0126	1	7	6	やふ鋭やへぎ	
S0127	1	47	43	預かっている品物がありません<0xdb>ゆぞゆでゆぶゆぴゆぁゆぉゆょゆウゆキゆサゆソゆテゆヌやゆヒ	
S0159	1	7	6	やふ鋭やへナ	
S0161	1	7	6	やひ鋭やふい	
S0162	1	47	31	預かっている品物がありません<0xdb>よョよ０よ４よ８よ2よ6よ よ、よ・よ！よ―よ（よ『やよ＄	
S0165	1	8	6	施いうあ岸い	
S0203	1	7	6	やふ断やへギ	
S0206	1	7	6	やひ温やふば	
S0207	1	7	6	やへ鋭やほチ	
S0208	1	7	6	やみ温やむぼ	
S0209	1	47	40	預かっている品物がありません<0xdb>るルるヲるギるザるゾるデるブるピるァるォるョる０る４やる８	
S0220	1	14	11	きげかい<0xdb>か岸い，つかオソ	
S0227	1	29	19	だうだうだう。<br />¨¨¨だう？<br /><arrow>だうだう‼<0xdb>だうだうだうっ	
S0234	1	7	6	やゆ温やよノ	
S0236	1	7	6	やみ鋭やむモ	
S0237	1	7	6	やら鋭やりぢ	
S0238	1	7	6	やま温やみぼ	
S0239	1	47	43	預かっている品物がありません<0xdb>をスをチをナをノをヘをムをユをルをヲをギをザをゾをデやをブ	
S0249	1	59	46	もう俺なんか¨¨、俺なんか、<br /><arrow>あぁぁぁぁぁぁぁぁぁぁぁぁぁぁぁぁ<br /><arrow>俺のバカァァァァァァァァァァァァ！<0xdb>やいキ	
S0281	1	7	6	やふ温やへわ	
S0282	1	7	6	やぬ鋭やねサ	
S0283	1	7	6	やへ鋭やほス	
S0284	1	47	43	預かっている品物がありません<0xdb>ゆつゆにゆはゆほゆめゆよゆれゆんゆげゆずゆぢゆばゆぼやゆぺ	
S0301	1	87	67	がうがうがう。<br /><arrow>がう。<br /><arrow>がうがうがうがうがうがうがうがう。<br />がうがう。がうがうがう。がうがう。<br />がうがうがうがうがう。がうがうが。<br />がうがうがう。がうがう。ガリッ！<0xdb00>ソ	
S0314	1	7	6	やむ断やめぺ	
S0315	1	47	38	預かっている品物がありません<0xdb>やギやザやゾやデやブやピやァやォやョや０や４や８や2やや6	
S0352	1	13	7	せ！せ―せ（せ『せ＄せ<br />せ	
S0355	1	131	108	ていてかてこてせてつてにてはてほてめてよてれてんてげてずてぢてばてぼてぺてぅてゃてアてオてケてスてチてナてノてヘてムてユてルてヲてギてザてゾてデてブてピてァてォてョて０て４て８て2て6て て、て・て！て―て（て『て＄て＄て＄て＄て＄て＄て＄て＄て＄て＄て＄て＄す	
S0359	1	7	6	やひ温やふゃ	
S0361	1	47	31	預かっている品物がありません<0xdb>もャもヵも２も６も0も4も8も(も，も；も▼も～も「やも×	
S0384	1	69	51	べろべろべろ。べろべろべろ。べろ。<br />べるべるべる。べろ。びち。べろ。<br />べろべろべろ。べろぉ～ん。べろん。<br />べろろべろ。べろべろ。べろ？<0xdb>ソ	
S0394	1	109	41	なんであたしがこんなに<br />オフロに入っているかというと¨¨<br /><arrow>¨¨¨¨¨¨¨¨¨¨¨¨¨¨¨¨¨<br />¨¨¨¨¨¨¨¨¨¨¨¨¨¨¨¨¨<br />¨¨¨¨¨¨¨¨¨¨¨¨¨¨¨¨¨<br /><arrow>おまえを食べるためだよっ！<br /><arrow>ダメ？<0xdb>やく→	
S0399	1	19	14	やそＡやそ温やそ断やそ鋭やたと	
S0406	1	47	43	預かっている品物がありません<0xdb>ゆばゆぼゆぺゆぅゆゃゆアゆオゆケゆスゆチゆナゆノゆヘやゆム	
S0446	1	101	88	たにたはたほためたよたれたんたげたずたぢたばたぼたぺたぅたゃたアたオたケたスたチたナたノたヘたムたユたルたヲたギたザたゾたデたブたピたァたォたョた０た４た８た2た6た た、た・た！た―た（た『た＄た<br />た	
S0451	1	7	6	やひ断やふヌ	
S0452	1	7	6	やふ断やへや	
S0454	1	7	6	やゆ鋭やよか	
S0506	1	77	68	たオたケたケたスたナたノたヘたムたユたルたぼたぺたぅたゃたアたルたヲたヲたザたゾたデたブたピたァたォたョた０た４た８た2た6た た、た・た！た―たいたルそ	
S0507	1	112	99	といとかとことせとつとにとはとほとめとよとれとんとげとずとぢとばとぼとぺとぅとゃとアとオとケとスとチとナとノとヘとムとユとルとヲとギとザとゾとデとブとピとァとォとョと０と４と８と2と6と と、と・と！と―と（と『と＄と<br />やと	
S0508	1	7	6	やふ鋭やへア	
S0511	1	45	30	預かっている品物がありません<0xdb>やョや０や４や８や2や6や や、や・や！や―や（やや『	
S0551	1	179	167	あああいあうあえあおあかあきあくあけあこあさあしあすあせあそあたあちあつあてあとあなあにあぬあねあのあはあひあふあへあほあまあみあむあらありあるあれあろあわあをあんあがあぎあめあもあやあゆあよあぐあげあごあざあじあずあぜあぞあだあぢあづあであどあばあびあぶあべあぼあぱあぴのルのギのザのデのブのァのォのョの０の４の８の2の6の、の・の！の―の（の『の＄の<br />の	
S0552	1	29	27	のゾのピはかはこはこはせはにはははほはめはよはれの区吠	
S0553	1	99	84	はいはれはんはんはずはぢはばはぼはぺはぅはゃはアはオはケはスはチはナはノはヘはムはユはルの2はれの８はヲはギはザはゾはデはブはピはァはォはョは０は４は８は2は6は は、は・は！は―は（は『は＄は<br />は	
S0559	1	7	6	やみ断やむぴ	
S0560	1	45	41	預かっている品物がありません<0xdb>んアんオんケんスんチんナんノんヘんムんユんルんヲやんギ	
S0583	1	105	92	そえそくそしそたそほそめそよそれそんそげそずそぢそばそぼそぺそぅそゃそアそオそケそスそチそナそノそヘそムそユそルそヲそギそザそゾそデそブそピそァそォそョそ０そ４そ８そ2そ6そ そ、そ・そ！そ―そ（そ『そ＄そ<br />そ	
S0584	1	115	99	ていてかてこてせてつてにてはてほてめてよてれてんてげてずてぢてばてぼてぺてぅてゃてアてオてケてスてチてナてノてヘてムてユてルてヲてギてザてゾてデてブてピてァてォてョて０て４て８て2て2て2て2て2て2て2て2て2て2て2て2す締	
S0588	1	7	6	やや断やゆか	
S0589	1	7	6	やよ断やらナ	
S0594	1	7	6	やひ温やふソ	
S0595	1	11	9	やほ断やほ断やまば	
S0597	1	11	9	やほ断やほ断やまキ	
S0609	1	7	6	やる鋭やれぢ	
S0610	1	18	17	こあけつるロやろ鋭こあけつるロやわ	
S0661	1	9	8	いあギけ築グやこ	
S0669	1	35	22	てァてォてョて０て４て８て2て6て て、て・て！て―て（て『て＄て<br />て	
S0670	1	7	6	やり鋭やるせ	
S0671	1	7	6	やる鋭やれく	
S0672	1	7	6	やろ鋭やわヌ	
S0677	1	7	6	やみ断やむチ	
S0679	1	7	6	やま鋭やみぺ	
S0682	1	13	12	やべ鋭こあけつんヲやぱナ	
S0701	1	33	20	ねォねョね０ね４ね８ね2ね6ね ね、ね・ね！ね―ね（ね『ね＄ね<br />ね	
S0704	1	7	6	やら断やりん	
S0716	1	15	10	ばうばう。<br />ばうばう。<0xdb>やう(	
S0732	1	63	51	たスたチたナたノたヘたムたユたルたヲたギたザたゾたデたブたピたァたォたョた０た４た８た2た6た た、た・た！た―た（た『た＄た	
S0735	1	7	6	やほ断やまチ	
S0761	1	22	13	かいヴきゲやきみ<portrait_07>美星：<br /><speak>お帰り‼	
S0765	1	81	71	そざそぞそでそぶそぴそぁそぉそょそウそキそサそソそテそヌそヒそマそモそラそロそヴそゲそズそヂそバそボそペそゥそャそヵそ２そ６そ そ、そ・そ！そ―そ（そ『そ＄そ<br />そ	
S0766	1	101	88	といとかとことせとつとにとはとほとめとよとれとんとげとずとぢとばとぼとぺとぅとゃとゃとゃとゃとゃとゃとゃとゃとゃとゃとゃとゃせブせピせァせォせョせ０せ４せ８せ2せ6せ せ、せ・せ！せ―せ（せ『せ＄せ<br />せ	
S0770	1	13	11	やへ鋭こあくつそ6やほヌ	
S0773	1	7	6	やま断やみざ	
S0783	1	15	10	くううん、くううん。<0xdb00>やあ；	
S0796	1	7	6	やみ温やむた	
S0800	1	7	6	やた鋭やちぼ	
S0801	1	7	6	やひ鋭やふず	
S0831	1	65	54	つオつケつスつチつナつノつヘつムつユつルつヲつギつザつゾつデつブつピつァつォつョつ０つ４つ８つ2つ6つ つ、つ・つ！つ―つ（つ<arrow>つ	
S0835	1	7	6	やぬ温やねぎ	
S0836	1	7	6	やひ温やふサ	
S0837	1	7	6	やや断やゆふ	
S0861	1	7	6	やつ温やてぁ	
S0865	1	7	6	やへ鋭やほば	
S0875	1	25	18	よおおおおおおおおおし、<br />旅立つぞっ‼<0xdb>やい！	
S0885	1	105	92	そえそくそしそたそとそねそふそみそやそりそわそぎそざそぞそでそぶそぴそぁそぉそょそスそチそナそノそヘそムそユそルそヲそギそザそゾそデそブそピそァそォそョそ０そ４そ８そ2そ6そ そ、そ・そ！そ―そ（そ『そ＄そ<br />そ	
S0886	1	91	74	て去去去去去去去去去去去究ずせぢせばせぼせぺせぅせゃせアせオせケせスせチせナせノせヘせムせユせルせヲせギせザせゾせデせブせピせァせォせョせ０す2す6す やす、	
S0893	1	7	6	やふ断やへキ	
S0894	1	7	6	やぬ温やねぁ	
S0895	1	7	6	やへ温やほオ	
S0917	1	41	28	しデしブしピしァしォしョし０し４し８し2し6し し、し・し！し―し（し『し＄し<br />し	
S0918	1	7	6	やゆ鋭やよス	
S0921	1	7	6	やち鋭やつほ	
S0922	1	7	6	やぬ温やねス	
S0937	1	105	92	せえせくせしせたせとせねせふせみせやせりせわせぎせざせぞせでせぶせぴせぁせぉせょせウせキせサせソせテせヌせヒせマせヲせギせザせゾせデせブせピせァせォせョせ０せ４せ８せ2せ6せ せ、せ・せ！せ―せ（せ『せ＄せ<br />せ	
S0944	1	7	6	やへ温やほげ	
S0953	1	23	18	ばばばう、ばばばう、<br />ばばばう、ばっう<0xdb>やえつ	
S0959	1	105	92	ちえちくちしちたちとちねちふちみちやちりちわちぎちざちぞちぺちぅちゃちアちオちケちスちチちナちノちヘちムちユちルちヲちギちザちゾちデちブちピちァちォちョち０ち４ち８ち2ち6ち ち、ち・ち！ち―ち（ち『ち＄ち<br />ち	
S0960	1	199	174	ないなかなこなせなつなになはなほなめなよなれなんなげなずなぢなばなぼなぺなぅなゃなアなオなケなスなチなナなノなヘなムなユなルなヲなギなザなゾなデなブなピなァなォなョな０な４な８な2な6な な、な・な！な―な（な『な＄な<br />な<br />な<br />な<br />な<br />な<br />な<br />な<br />な<br />な<br />な<br />な<br />たほためたよたれたんたげたずたぢたばたぼたぺたぅたゃたアたオたケたスたチたナたノたヘたムたユたルたヲたギたザたゾたデそァそォそョやそ０	
S0961	1	7	6	やゆ断やよし	
S0964	1	7	6	やへ鋭やほア	
S0965	1	7	6	やま断やみょ	
S0967	1	7	6	やむ温やめえ	
S1041	1	181	169	あああいあうあえあおあかあきあくあけあこあさあしあすあせあそあたあちあつあてあとあなあにあぬあねあのあはあひあふあへあほあまあみあむあらありあるあれあろあわあをあんあがあぎあめあもあやあゆあよあぐあげあごあざあじあずあぜあぞあだあぢあづあであどあばあびあぶあべあぼあぱあぴくユくヲくギくゾくデくピくァくォくョく０く４く８く2く く、く・く！く―く（く『く＄く<br />く	
S1042	1	99	84	けよけれけれけげけずけぢけばけぼけぺけぅけゃけアけオけケけスけチけナけノけヘけムけユく８けよく４けルけヲけギけザけゾけデけブけピけァけォけョけ０け４け８け2け6け け、け・け！け―け（け『け＄け<br />け	
S1046	1	11	9	やす断やす断やせれ	
S1049	1	7	6	やそ鋭やたラ	
S1050	1	7	6	やた温やちざ	
S1051	1	7	6	やす断やせこ	
S1054	1	7	6	やせ温やそぞ	
S1055	1	7	6	やす断やせめ	
S1068	1	7	6	やふ鋭やへえ	
S1091	1	7	6	やゆ断やよげ	
S1092	1	7	6	やら断やりソ	
S1094	1	7	6	やほ断やまぺ	
S1108	1	15	11	奥様ぁーーーーッ‼<0xdb>やいウ	
S1118	1	139	138	あああいあうあえあおあかあきあくあけあこあさあしあすあせあそあたあちあつあてあとあなあにあぬあねあのあはあひあふあへあほあまあみあむあらありあるあれあろあわあをあんあがあぎあめあもあやあゆあよあぐあげあごあざあじあずあぜあぞあだあぢあづあであどあばあびあぶあべあぼあぱあぴけ導	
S1119	1	11	8	こＫ徳わこヵこりこ	
S1120	1	7	6	やつ断やてナ	
S1121	1	7	6	やち鋭やつマ	
S1125	1	9	6	へ々復しやほや	
S1126	1	19	16	こあソつほみこあ２てほみぉほ渓あ２ゅ	
S1142	1	7	6	やぬ断やねぉ	
S1143	1	7	6	やひ鋭やふぢ	
S1144	1	7	6	やた断やちぼ	
S1163	1	167	156	あああいあうあえあおあかあきあくあけあこあさあしあすあせあそあたあちあつあてあとあなあにあぬあねあのあはあひあふあへあほあまあみあむあらありあるあれあろあわあをあんあがあぎあめあもあやあゆあよあぐあげあごあざあじあずあぜあぞあだあぢあづあであどあばあびあぶあべあぼあぱあぴけブけァけォけ０け４け2け6け け、け・け！け―け（け＄け<br />け	
S1164	1	125	109	こいこかこかけョけ８こほこめこめこよこんこげこずこぢこばこぼこここせこつこにこはこぼこぺこぺこゃこアこオこケこスこチこナこノこヘこムこユこルこヲこギこザこゾこデこブけ―こぼけ！こピこァこォこョこ０こ４こ８こ2こ6こ こ、こ・こ！こ―こ（こ『こ＄こ<br />こ	
S1169	1	7	6	やつ断やてぁ	
S1181	1	211	203	あああいあうあえあおあかあきあくあけあこあさあしあすあせあそあたあちあつあてあとあなあにあぬあねあのあはあひあふあへあほあまあみあむあらありあるあれあろあわあをあんあがあぎあめあもあやあゆあよあぐあげあごあざあじあずあぜあぞあだあぢあづあであどあばあびあぶあべあぼあぱあぴすげすぢすばすぺすぅすアすオすケすスすチすナすノすヘすユすルすヲすギすザすゾすデすブすピすァすォすョす０す０すぼすゃす、す・す・す！す（す『す＄す<br />す	
S1182	1	117	103	せいせかせこせせせつせにせはせほせめせよせれせんせげすノす<speak>すナせずせぢせばせぼせぺせぅせゃせアせオせケせスせチせナせノせヘせムせユせルせヲせギせザせゾせデせブせピせァせォせョせ０せ４せ８せ2せ6せ せ、せ・せ！せ―せ（せ『せ＄せ<br />せ	
S1192	1	7	6	やふ断やへよ	
S1240	1	7	6	やぬ鋭やねヌ	
S1243	1	7	6	やふ鋭やへテ	
S1244	1	7	6	やへ温やほず	
S1245	1	7	6	やほ断やまよ	
S1246	1	7	6	やま断やみぞ	
S1249	1	7	6	やほ断やまぶ	
S1250	1	43	39	預かっている品物がありません<0xdb>もオもケもスもチもナもノもヘもムもユもルもヲやもギ	
S1291	1	181	150	とえとくとしとたとととねとふとみとやとりとわとぎとざとぞとでとぶとぴとぁとぉとょとウとキとサとソとテとヌとヒとマとモとラとロとヴとゲとズとヂとバとボとペとゥとャとヵと２と６と0と4と8と(と，と；と▼と～と「と×と→と→と→と→と→と→と→と→と→と→と→と→せスせチせナせノせヘせムせユせルせヲせギせザせゾせデせブせピせァせォせョせ０せ４せ８せ2せ6せ やせ、	
S1292	1	18	13	やせＡやせ温やせ断やせ鋭やせ	
S1296	1	7	6	やふ断やへょ	
S1298	1	43	30	預かっている品物がありません<0xdb>やォやョや０や４や８や2や6や や、や・や！やや―	
S1299	1	7	6	やや断やゆい	
S1343	1	25	14	ち８ち2ち6ち ち、ち・ち！ち―ち（ち『ち＄ち<br />ち	
S1344	1	169	151	にいにかにこにせにつにににはにほにめによにれにんにげにずにぢにばにぼにぺにぅにゃにアにオにケにスにチにナにノにヘにムにユにルにヲにギにザにゾにデにブにピにァにォにョに０に４に８に2に6に に、に、に、に、に、に、に、に、に、に、に、に、たぴたぁたぉたょたウたキたサたソたテたヌたヒたマたモたラたロたヴたゲたズたヂたバたボたペたゥたャやたヵ	
S1345	1	7	6	やま断やみナ	
S1350	1	7	6	やふ温やへソ	
S1355	1	43	36	預かっている品物がありません<0xdb>よゲよズよヂよバよボよペよゥよャよヵよ２よ６やよ0	
S1366	1	43	39	預かっている品物がありません<0xdb>ゆぢゆばゆぼゆぺゆぅゆゃゆアゆオゆケゆスゆチやゆナ	
S1475	1	117	103	ひいひかひこはぼは はばひせひつひにひはひほひめひよひれひんひげひずひぢひばひぼひぺひぅひゃひアひオひケひスひチひナひノひヘひムひユひルひヲひギひザひゾひデひブひピひァひォひョひ０ひ４ひ８ひ2ひ6ひ ひ、ひ・ひ！ひ―ひ（ひ『ひ＄ひ<br />ひ	
S1476	1	111	98	ほいほかほこほせほつほにほはほほほめほよほれほんほげほずほぢほばほぼほぺほぅほゃほアほオほケほスほチほナほノほヘほムほユほルほヲほギほザほゾほデほブほピほァほォほョほ０ほ４ほ８ほ2ほ6ほ ほ、ほ・ほ！ほ―ほ（ほ『ほ＄ほ<br />ほ	
S1477	1	7	6	やみ断やむぉ	
S1489	1	45	41	預かっている品物がありません<0xdb>がめがよがれがんがげがずがぢがばがぼがぺがぅがゃやがア	
S1543	1	7	6	やみ温やむス	
S1545	1	7	6	やへ温やほア	
S1546	1	45	41	預かっている品物がありません<0xdb>りテりヌりヒりマりモりラりロりヴりゲりズりヂりバやりボ	
S1583	1	103	90	ぬつぬにぬはぬほぬめぬよぬれぬんぬげぬずぬぢぬばぬぼぬぺぬぅぬゃぬアぬオぬケぬスぬチぬナぬノぬヘぬムぬユぬルぬヲぬギぬザぬゾぬデぬブぬピぬァぬォぬョぬ０ぬ４ぬ８ぬ2ぬ6ぬ ぬ、ぬ・ぬ！ぬ―ぬ（ぬ『ぬ＄ぬ<br />ぬ	
S1587	1	7	6	やま断やみん	
S1589	1	7	6	やゆ鋭やよぅ	
S1601	1	35	25	なデなブなピなァなォなョな０な４な８な2な6な な、な・な！な―やな（	
S1604	1	7	6	やふ断やへず	
S1606	1	7	6	やへ鋭やほぼ	
S1607	1	7	6	やら断やりね	
S1608	1	43	28	預かっている品物がありません<0xdb>ろ４ろ８ろ2ろ6ろ ろ、ろ・ろ！ろ―ろ（ろ『やろ＄	
S1628	1	101	88	つにつはつほつめつよつれつんつげつずつぢつばつぼつぺつぅつゃつアつオつケつスつチつナつノつヘつムつユつルつヲつギつザつゾつデつブつピつァつォつョつ０つ４つ８つ2つ6つ つ、つ・つ！つ―つ（つ『つ＄つ<br />つ	
S1631	1	7	6	やぬ鋭やねず	
S1632	1	7	6	やふ断やへケ	
S1633	1	7	6	やへ断やほヌ	
S1634	1	7	6	やほ断やまや	
S1644	1	79	66	くぼくぺくぅくゃくアくオくケくスくチくナくノくヘくムくユくルくヲくギくザくゾくデくブくピくァくォくョく０く４く８く2く6く く、く・く！く―く（く『く＄く<br />く	
S1645	1	111	98	けいけかけこけせけつけにけはけほけめけよけれけんけげけずけぢけばけぼけぺけぅけゃけアけオけケけスけチけナけノけヘけムけユけルけヲけギけザけゾけデけブけピけァけォけョけ０け４け８け2け6け け、け・け！け―け（け『け＄け<br />け	
S1647	1	7	6	やつ鋭やてウ	
S1652	1	43	39	預かっている品物がありません<0xdb>へねへふへみへやへりへわへぎへざへぞへでへぶやへぴ	
S1683	1	7	6	やむ温やめれ	
S1718	1	107	94	たこたせたつたにたはたほためたよたれたんたげたずたぢたばたぼたぺたぅたゃたアたオたケたスたチたナたノたヘたムたユたルたヲたギたザたゾたデたブたピたァたォたョた０た４た８た2た6た た、た・た！た―た（た『た＄た<br />た	
S1721	1	7	6	やひ鋭やふム	
S1722	1	7	6	やふ温やへみ	
S1745	1	37	23	そ<portrait_09>ピけァけォけョけ０け４け８け2け6け け、け・け！け―け（け『やけ＄	
S1749	1	7	6	やち温やつば	
S1750	1	7	6	やつ断やてロ	
S1752	1	7	6	やふ鋭やへぢ	
S1753	1	46	30	預かっている品物がありません<0xdb>ま４ま８ま2ま6ま ま、ま・ま！ま―ま（ま『ま＄ま<br />やま	
S1780	1	21	12	ま6ま ま、ま・ま！ま―ま（ま『ま＄ま<br />ま	
S1781	1	9	7	ま湖ま鋭やみく	
S1785	1	7	6	やろ鋭やわテ	
S1809	1	7	6	やへ断やほん	
S1810	1	47	43	預かっている品物がありません<0xdb>よずよぢよばよぼよぺよぅよゃよアよオよケよスよチよナやよノ	
S1821	1	7	6	やく鋭やけほ	
S1825	1	7	6	やへ温やせム	
S1826	1	7	6	やへ温やせヂ	
S1827	1	7	6	やた温やちゃ	
S1829	1	7	6	やへ温やせョ	
S1830	1	7	6	やひ断やふね	
S1832	1	47	43	預かっている品物がありません<0xdb>ほほほめほよほれほんほげほずほぢほばほぼほぺほぅほゃやほア	
S1837	1	7	6	やつ温やてテ	
S1841	1	7	6	やぬ温やねソ	
S1842	1	7	6	やせ温やそい	
S1843	1	7	6	やた鋭やちぺ	
S1844	1	47	43	預かっている品物がありません<0xdb>ほオほケほスほチほナほノほヘほムほユほルほヲほギほザやほゾ	
S1872	1	95	89	ちえちくちしちたちとちねちふちみちやちりちわちぎちざちぞちでちぶちぴちぁちぉちょちウちキちサちソちテちヌちヒちマちモちラちラちラちラちラちラちラちラちラちラちラちラさ！さ―さ（さ『さ＄さ<br />さ	
S1883	1	69	65	預かっている品物がありません<0xdb>むめむよむれむんむげむずむぢむばむぼむぺむぅむゃむアむオむケむスむチむナむノむヘむムむラむロむヴやむゲ	
S1929	1	7	6	やみ鋭やむぞ	
S1930	1	7	6	やよ断やらス	
S1931	1	59	42	預かっている品物がありません<0xdb>がデがブがピがァがォがョが０が４が８が2が6が が、が・が！が―が（が『が＄が<br />が	
S1957	1	11	9	やほ断やそ温やたい	
S1961	1	69	65	預かっている品物がありません<0xdb>まずまぢまばまぼまぺまぅまゃまアまオまケまスまチまナまノまヘまムまユまルまヲまギまザまヂまバまボやまペ	
S1962	1	7	6	やま鋭やみい	
S1977	1	145	119	パイ：<br />八雲のトモダチ、いい人たちだね。<br />パイ、大好きだよ！<0xdb>こかこここせこつこにこはこほこめこよこれこんこげこずこぢこばこぼこぺこぅこゃこアこオこケこスこチこナこノこヘこムこユこルこヲこギこザこゾこデこブこピこァこォこョこ０こ４こ８こ2こ6こ こ、こ・こ！こ―こ（こ『こ＄こ<br />こ	
S2023	1	7	6	やへ温やほこ	
S2084	1	23	11	ぴあ<portrait_05>綾小路ぱい：<br /><speak>八雲さん</speak>‼	
S2096	1	43	23	ぉみぁあ<portrait_08>綾小路ぱい：<br /><speak>キャアァァッ‼<0xdb00>ぉみチあ<portrait_09>八雲：<br /><speak>パイ</speak>‼	
S2098	1	77	64	らぺらぅらゃらアらオらケらスらチらナらノらヘらムらユらルらヲらギらザらゾらデらブらピらァらォらョら０ら４ら８ら2ら6ら ら、ら・ら！ら―ら（ら『ら＄ら<br />ら	
S2099	1	111	98	りいりかりこりせりつりにりはりほりめりよりれりんりげりずりぢりばりぼりぺりぅりゃりアりオりケりスりチりナりノりヘりムりユりルりヲりギりザりゾりデりブりピりァりォりョり０り４り８り2り6り り、り・り！り―り（り『り＄り<br />り	
S2100	1	111	98	るいるかるこるせるつるにるはるほるめるよるれるんるげるずるぢるばるぼるぺるぅるゃるアるオるケるスるチるナるノるヘるムるユるルるヲるギるザるゾるデるブるピるァるォるョる０る４る８る2る6る る、る・る！る―る（る『る＄る<br />る	
S2101	1	111	98	れいれかれこれせれつれにれはれほれめれよれれれんれげれずれぢればれぼれぺれぅれゃれアれオれケれスれチれナれノれヘれムれユれルれヲれギれザれゾれデれブれピれァれォれョれ０れ４れ８れ2れ6れ れ、れ・れ！れ―れ（れ『れ＄れ<br />れ	
S2102	1	111	98	ろいろかろころせろつろにろはろほろめろよろれろんろげろずろぢろばろぼろぺろぅろゃろアろオろケろスろチろナろノろヘろムろユろルろヲろギろザろゾろデろブろピろァろォろョろ０ろ４ろ８ろ2ろ6ろ ろ、ろ・ろ！ろ―ろ（ろ『ろ＄ろ<br />ろ	
S2106	1	7	6	やご断やざぎ	
S2108	1	7	6	やづ鋭やわモ	
S2110	1	7	6	やづ鋭やわデ	
S2112	1	7	6	やぎ断やぐウ	
S2113	1	7	6	やづ鋭やわヵ	
S2116	1	47	43	預かっている品物がありません<0xdb>でめでよでれでんでげでずでぢでばでぼでぺでぅでゃでアやでオ	
S2237	1	139	138	あああいあうあえあおあかあきあくあけあこあさあしあすあせあそあたあちあつあてあとあなあにあぬあねあのあはあひあふあへあほあまあみあむあらありあるあれあろあわあをあんあがあぎあめあもあやあゆあよあぐあげあごあざあじあずあぜあぞあだあぢあづあであどあばあびあぶあべあぼあぱあぴた犯	
S2238	1	11	8	ちＲ判わちヵちりち	
S2241	1	7	6	やみ断やむや	
S2294	1	7	6	やふ温やへぉ	
S2297	1	7	6	やま断やみス	
S2299	1	43	27	預かっている品物がありません<0xdb>り0り4り8り(り，り；り▼り～り「り×り→り<arrow>り	
S2300	1	7	6	やり温やるい	
S2320	1	165	141	たいたかたこたせたつたにたはたほためたよたれたんたげたずたぢたばたぼたぺたぅたゃたアたオたケたスたチたナたノたヘたムたユたルたヲたギたザたゾたデたブたピたァたォたョた０た４た８た2た6た た、た・た！た―た（た『た＄た<br />た<br />た<br />た<br />た<br />た<br />た<br />た<br />た<br />た<br />た<br />た<br />こふこみこやこりこわこぎこざこぞこでこぶこぴこぁこぉこょこウやこキ	
S2323	1	7	6	やち温やつぢ	
S2324	1	47	30	預かっている品物がありません<0xdb>みヵみ２み６み0み4み8み(み，み；み▼み～み「み×やみ→	
S2325	1	7	6	やみ鋭やむい	
S2344	1	95	85	ひえひくひしひたひとひねひふひみひやひりひわひぎひざひぞひでひぶひぴひぁひぉひょひょひょひょひょひょひょひょひょひょひょひょとブとピとァとォとョと０と４と８と2と6と と、と・と！と―やと（	
S2346	1	7	6	やみ断やむア	
S2348	1	7	6	やむ温やめス	
S2349	1	7	6	やゆ鋭やよキ	
S2350	1	7	6	やひ鋭やふぼ	
S2351	1	47	43	預かっている品物がありません<0xdb>ろはろほろめろよろれろんろげろずろぢろばろぼろぺろぅやろゃ	
S2452	1	7	6	やふ断やへね	
S2457	1	7	6	やよ鋭やらソ	
S2458	1	7	6	やゆ断やよソ	
S2459	1	7	6	やら温やりウ	
S2460	1	49	45	預かっている品物がありません<0xdb>げぶげぴげぁげぉげょげウげキげサげソげテげヌげヒげマごナやげモ	
S2483	1	7	6	やち温やつみ	
S2540	1	9	8	かえまゆ幅ゆギゅ	
S2548	1	45	39	ぞえぞくぞしぞたぞたぞたぞたぞたぞたぞたぞたぞたぞたぞたぞたぐ・ぐ！ぐ―ぐ（ぐ『ぐ＄ぐ<br />ぐ	
S2554	1	7	6	やび断やぶわ	
S2555	1	7	6	やぞ鋭やだり	
S2556	1	7	6	やぷ断やぺせ	
S2559	1	67	63	預かっている品物がありません<0xdb>ぁせぁつぁにぁはぁほぁめぁよぁれぁんぁげぁずぁぢぁばぁぼぁウぁナぁノぁヘぁムぁユぁルぁヲぁギやぁザ	
S2588	1	7	6	やつ断やてざ	
S2589	1	7	6	やぬ温やねキ	
S2593	1	67	63	預かっている品物がありません<0xdb>めいめかめこめせめつめにめはめほめめめよめれめんめげめずめぁめケめスめチめナめノめヘめムめユやめル	
S2610	1	23	16	そピそァそォそョそ０そ４そ８そ2そ6そ やそ、	
S2613	1	7	6	やふ温やへサ	
S2614	1	7	6	やぬ鋭やねぼ	
S2615	1	7	6	やむ断やめね	
S2617	1	25	23	ゆ向紹くよはよほよめよよよれよんよげよずやよぢ	
S2659	1	7	6	やち断やつサ	
S2661	1	47	38	預かっている品物がありません<0xdb>ふギふザふゾふデふブふピふァふォふョふ０ふ４ふ８ふ2やふ6	
S2677	1	19	14	グルルルルルルルル¨¨¨。<0xdb>ぉさノムあ	
S2679	1	85	72	ちずちぢちばちぼちぺちぅちゃちアちオちケちスちチちナちノちヘちムちユちルちヲちギちザちゾちデちブちピちァちォちョち０ち４ち８ち2ち6ち ち、ち・ち！ち―ち（ち『ち＄ち<br />ち	
S2682	1	7	6	やほ断やまサ	
S2683	1	7	6	やむ鋭やめず	
S2684	1	47	43	預かっている品物がありません<0xdb>よたよとよねよふよみよやよりよわよぎよざよぞよでよぶやよぴ	
S2749	1	80	35	紅娘：<br /><speak>ガルルルルルルルルルルルルルルル。</speak></portrait><br /><arrow><portrait_04>八雲：<br /><speak>なっ、なんだこいつ</speak>¨¨。</portrait><br /><arrow><portrait_03>紅娘：<br /><speak>ガル。</speak></portrait><br /><arrow><portrait_04>八雲：<br /><speak>ん？	
S2751	1	51	23	なに？</speak></portrait><br /><arrow><portrait_03>紅娘：<br /><speak>ガガガウ、ガルガル、<br />ガガウガウガウ。</speak></portrait><br /><arrow><portrait_04>八雲：<br /><speak>なに？	
S2757	1	7	6	やゆ温やよぅ	
S2758	1	7	6	やる鋭やれオ	
S2759	1	7	6	やろ温やわチ	
S2760	1	7	6	やよ断やらぅ	
S2761	1	7	6	やぐ鋭やげく	
S2762	1	41	27	預かっている品物がありません<0xdb>じ2じ6じ じ、じ・じ！じ―じ（じ『じ＄じ<br />じ	
S2763	1	9	8	やず鋭こおりてじ	
S2908	1	19	11	ね ね、ね・ね！ね―ね（ね『ね＄ね<br />ね	
S2909	1	127	106	へいへかへこへせへつへにへはへほへめへよへれへんへげへずへぢへばへぼへぺへぅへゃへアへオへケへスへチへナへノへヘへムへユへルへヲへギへザへゾへデへブへピへァへォへョへ０へ４へ８へ2へ6へ へ、へ・へ！へ―へ―へ―へ―へ―へ―へ―へ―へ―へ―へ―へ―な<arrow>な	
S2914	1	7	6	やよ温やらア	
S2916	1	7	6	やや温やゆソ	
S2917	1	7	6	やら温やりマ	
S2918	1	7	6	やれ温やろや	
S2967	1	7	6	やひ鋭やふぉ	
S2968	1	7	6	やま鋭やみウ	
S2969	1	7	6	やや温やゆし	
S3006	1	20	18	かかょお０かかっおヘかかぉえヘはあ、かぉ	
S3035	1	7	6	やれ断やろげ	
S3100	1	13	12	かかウせ寒かょせぉやし・	
S3106	1	7	6	やや温やゆえ	
S3108	1	7	6	やや温やゆげ	
S3109	1	7	6	やれ温やろぶ	
S3110	1	7	6	やや温やゆぺ	
S3112	1	7	6	やや温やゆス	
S3113	1	44	34	預かっている品物がありません<0xdb>がバがボがペがゥがャがヵが２が６が0が4が8が(やが	
S3181	1	17	14	バウバウババウバウバウ！<0xdb00>やくつ	
S3215	1	17	14	バウバウババウバウバウ！<0xdb00>やきぞ	
S3271	1	7	6	やき断やくし	
S3298	1	7	6	やき鋭やくふ	
S3300	1	7	6	やく鋭やけぢ	
S3326	1	17	14	バウバウババウバウバウ！<0xdb00>やかし	
S3357	1	17	14	バウバウババウバウバウ！<0xdb00>やきげ	
S3362	1	7	6	やく鋭やけい	
S3397	1	37	29	¨¨¨¨¨¨。<0xdb>あテあヌあヒあマあモあラあロあヴあゲあズあヂあバあボやあペ	
S3398	1	7	6	やあ鋭やいい	
